coef,pval,ci_low,ci_high,error,name
-3.377172602885825,9.689561460275902e-09,-4.531121315826855,-2.2232238899447947,,hydro_rain_values
-4.365446079870893,5.762576189912481e-12,-5.608092586470494,-3.122799573271293,,met_rain_values
22.013454721237302,1.791214920399504e-27,18.04049585596895,25.986413586505655,,met_tmax_values
-2.63201400352435,0.00037500776351279065,-4.082265491235071,-1.1817625158136291,,aqrean_carbon_monoxide_values
-3.847904100944181,6.927349092965971e-09,-5.149850367587711,-2.5459578343006504,,aqrean_daqi_overall_values
-3.9470972468820023,3.6343228672132407e-06,-5.617518326634043,-2.2766761671299616,,aqrean_nitrogen_monoxide_values
1.9598464825291848,0.06017101095968296,-0.08386193810105258,4.003554903159422,,aqrean_nitrogen_dioxide_values
-2.488822333691855,0.0008337757018629263,-3.94871996843745,-1.0289246989462602,,aqrean_daqi_nitrogen_dioxide_values
-3.9737154994497317,1.35714177069501e-05,-5.763857273382918,-2.1835737255165455,,aqrean_nox_expressed_as_nitrogen_dioxide_values
5.521141496659631,2.402988879055522e-10,3.8124593146219663,7.229823678697295,,aqrean_ozone_values
5.3470262571147975,7.647265671756261e-14,3.9452570461144796,6.748795468115116,,aqrean_daqi_ozone_values
-1.9089527183960722,0.005051749392522997,-3.2434243746774074,-0.5744810621147372,,aqrean_pm2p5_values
2.705572659157794,5.834015228330996e-05,1.3862735256346155,4.0248717926809725,,aqrean_pm10_values
-7.441342356901794,4.585805510029705e-25,-8.851692332023868,-6.03099238177972,,aqrean_daqi_pm10_values
2.053905321985738,0.004533339425583258,0.635672770108825,3.4721378738626507,,aqrean_sulfur_dioxide_values
0.38587768327763544,0.47878119265522034,-0.6819531365111526,1.4537085030664234,,aqrean_daqi_sulfur_dioxide_values
