OBJECTID,lad19cd,lad19nm,lad19nmw,bng_e,bng_n,long,lat,Shape__Area,Shape__Length,GlobalID
1,E06000001,Hartlepool, ,447160,531474,-1.27018929,54.67613983,93770349.7054901,68481.6467322556,916732bc-2aca-4c9b-b31b-7dea389b1119
2,E06000002,Middlesbrough, ,451141,516887,-1.21099806,54.54467773,53858124.2619781,42570.8735433373,2bbaff73-5039-43fb-96e4-185729862448
3,E06000003,Redcar and Cleveland, ,464361,519597,-1.00608563,54.56752396,245140394.779892,94686.620904938,a4bef6ab-9d6e-4e94-906a-8df39778577d
4,E06000004,Stockton-on-Tees, ,444940,518183,-1.30664527,54.55691147,204903680.840073,118320.900278316,6f4ffadc-a227-42df-94a3-2fd607cf2a65
5,E06000005,Darlington, ,428029,515648,-1.56835592,54.53534317,197485808.735168,105777.871674858,592780e1-e8ef-4bfc-a9c2-853bf478e640
6,E06000006,Halton, ,354246,382146,-2.68853784,53.33424759,79096448.1589127,76349.0253795326,61791e1a-b62d-46eb-bb41-caed1ea33256
7,E06000007,Warrington, ,362744,388456,-2.56167793,53.39163208,180613956.324615,111964.631477495,5569dfa8-f554-4ea3-97a0-c6cb4f475b5e
8,E06000008,Blackburn with Darwen, ,369490,422806,-2.46360445,53.70080566,137055894.206375,63758.3162056761,669f75c6-cfb7-455d-a13a-95dc7b36b90f
9,E06000009,Blackpool, ,332819,436635,-3.02199483,53.82164383,34873257.9390411,34005.2186516048,a07a1be2-4b5a-425a-8273-69525a9badd2
10,E06000010,"Kingston upon Hull, City of", ,511894,431650,-0.30382553,53.76920319,71607247.6361694,63534.9236784406,05102f04-03d5-410a-8b7a-072b7de3a94e
11,E06000011,East Riding of Yorkshire, ,488056,443597,-0.66195875,53.88112259,2405193398.48611,495787.588612555,c03ecefe-fc34-464e-813f-25bd8aad4a32
12,E06000012,North East Lincolnshire, ,523465,404564,-0.13911027,53.52326965,192713991.886078,90937.356119081,2277b46c-4b6b-4cc2-b0a4-991eee892981
13,E06000013,North Lincolnshire, ,497800,410993,-0.5240764,53.58643341,846514605.381638,240815.525110738,1ed9aa20-6e52-4691-a564-ad77adac54a7
14,E06000014,York, ,460864,452589,-1.07375312,53.96582413,271945047.07402,100454.937190479,e73f0a99-a71b-4cba-81c4-8018f6fc5c64
15,E06000015,Derby, ,435609,335375,-1.47189558,52.91464233,78022266.1156921,49198.6586014441,d69d5ea3-7d70-4feb-a381-57f7c590a81d
16,E06000016,Leicester, ,458946,304594,-1.13040936,52.63592148,73376544.3447113,50729.5832899407,4c919e10-cb0a-4fa7-a390-babb24897b5c
17,E06000017,Rutland, ,492992,308655,-0.6263085,52.66765976,393739393.103317,120309.056812138,f01cb24a-32e8-4724-a617-8f12562da4eb
18,E06000018,Nottingham, ,456082,339969,-1.16667604,52.95419693,74600645.987915,58004.6236016686,2e0b837c-94c7-456f-be79-5b5f02bdaec9
19,E06000019,"Herefordshire, County of", ,349434,242834,-2.73931074,52.0815506,2179679358.77306,338787.566853637,09d6c66d-9539-4052-a26b-1d72cfebda7c
20,E06000020,Telford and Wrekin, ,367035,313057,-2.48941112,52.71417618,290327444.82988,115372.123023437,d16eeb59-1006-478f-a382-6022eb6f3574
21,E06000021,Stoke-on-Trent, ,389438,346652,-2.15888834,53.0170784,93409442.3483658,62209.6363496382,2a0ce76e-0eeb-4a3c-ae40-fad4bfd7f04a
22,E06000022,Bath and North East Somerset, ,366217,161999,-2.48654437,51.35604858,351158364.257771,137360.570458013,989207b5-108b-4fb1-b7ca-aaaf2e2146c9
23,E06000023,"Bristol, City of", ,359990,174846,-2.57742095,51.47115326,109717521.152672,106417.263538271,bb030b2a-8929-4007-84c9-5fa3a40baeb9
24,E06000024,North Somerset, ,347613,166719,-2.75439787,51.39707184,374607939.103954,148831.028020604,162c667a-e6cd-4000-a7fd-f026061779ae
25,E06000025,South Gloucestershire, ,367559,183198,-2.46922302,51.54673386,497028495.400467,137067.08715108,9c2c50b4-d210-4f11-9333-ad88fb2dc47c
26,E06000026,Plymouth, ,249945,58255,-4.11297798,50.40494537,79849436.6658869,87468.7923614907,591408b4-5734-4fca-a8b7-9bc037f6cf23
27,E06000027,Torbay, ,289730,64613,-3.55523586,50.47092438,62915549.774251,72317.9810511249,23c3796f-a9f1-40a1-baa4-b835c3d441f6
28,E06000030,Swindon, ,418551,186564,-1.73367822,51.57764053,230091714.337257,99592.298777108,843092cd-c337-466f-9f99-a16c232d79f6
29,E06000031,Peterborough, ,517372,300777,-0.26874471,52.59214783,343423845.859344,111019.566162596,153e4ddf-d574-4662-b75e-442a61481c00
30,E06000032,Luton, ,508606,222559,-0.4231984,51.89102173,43359040.1051331,34269.1249342676,5b238df9-65cb-447d-8f4c-09b26cb8ca59
31,E06000033,Southend-on-Sea, ,587777,186837,0.70692259,51.54917526,41659963.3995361,52024.6793400355,01d90e50-0083-438b-8a24-81a70c51ba6c
32,E06000034,Thurrock, ,562123,181590,0.33486068,51.50998306,163774343.904015,108326.956861537,f56de2ea-ecdb-46cb-a9b0-9feffe014c3c
33,E06000035,Medway, ,578207,175198,0.56317353,51.4477272,193613966.714073,223882.020589215,ab39d880-f9e3-4470-97dd-62c2599f69a9
34,E06000036,Bracknell Forest, ,488169,168792,-0.73363179,51.41130447,109331486.309494,61821.6730765794,3589911f-1e44-4c99-9d8f-8b58912bbbf4
35,E06000037,West Berkshire, ,450575,172095,-1.27364171,51.44559479,704177304.656013,163475.172705599,36533477-b95c-4caf-92fe-f34297855082
36,E06000038,Reading, ,470226,173154,-0.99070984,51.45302582,40385975.1936646,38621.0874675524,0183fda6-8d74-4588-9371-9d80b3b3cb88
37,E06000039,Slough, ,498920,179246,-0.57617581,51.50350189,32538102.4603043,43305.896212473,85090716-1d8e-49bd-8919-c89953af2795
38,E06000040,Windsor and Maidenhead, ,492079,176541,-0.67541361,51.48034286,198423178.426193,113808.15197727,81d3e6c4-1bf2-40d3-893e-186a9e7863d6
39,E06000041,Wokingham, ,476624,169902,-0.89935571,51.42295837,178974764.762657,85670.9252808001,18954972-af1d-4669-b360-b1efefd3c36a
40,E06000042,Milton Keynes, ,486408,242308,-0.74070525,52.07241821,308649081.896477,100962.319794768,e5f983bc-8ac7-41cd-b6dc-dd1dde7a223c
41,E06000043,Brighton and Hove, ,530279,106850,-0.15079907,50.84650803,82870742.1169243,57890.7290418194,dd14202d-92f8-45af-8564-7dffb503f699
42,E06000044,Portsmouth, ,465619,101352,-1.07006192,50.80800247,40383367.17062,59414.6363995707,102cadd6-8467-4cf3-aee4-129136ad3b77
43,E06000045,Southampton, ,442303,113700,-1.39952838,50.92120743,49857409.4357529,59206.9539391151,7f686200-7c5a-4e09-b0ea-5d73533091d0
44,E06000046,Isle of Wight, ,447183,85949,-1.33366287,50.67129135,379688061.812952,188873.212200883,a3d0e85d-f003-4567-8a54-81447cb3f6a2
45,E06000047,County Durham, ,410381,532242,-1.84050834,54.68513107,2231479854.56779,309291.620636277,d683ae51-50d8-47a6-a1bd-35efde361535
46,E06000049,Cheshire East, ,380510,363462,-2.29299593,53.1679306,1166353434.744,289446.785741657,e326fbf5-5f24-467d-b021-6b1cad4f2212
47,E06000050,Cheshire West and Chester, ,353097,363145,-2.7029829,53.16336441,919924485.622406,321346.939390674,0546fb4e-be74-4d2c-a28d-34c6150a4d98
48,E06000051,Shropshire, ,350227,302960,-2.7366724,52.62212372,3197306819.12347,559558.333591347,9eacb61e-63ed-4e97-bdfc-758c7238a1ed
49,E06000052,Cornwall, ,212497,64493,-4.64254618,50.45022964,3548808518.27435,1118438.89286529,eb3c09bb-ad1b-407a-9319-c6de33a85965
50,E06000053,Isles of Scilly, ,91327,11447,-6.30217409,49.9233284,16381863.9380799,103112.65742324,f72f2229-97fa-4042-8fa8-d6dc7297d819
51,E06000054,Wiltshire, ,405209,158863,-1.92661607,51.32883835,3255367602.37041,394565.608894031,06d52c35-2713-4d9e-8e75-d49575ce73e6
52,E06000055,Bedford, ,505721,256463,-0.45463514,52.19628906,476378677.238068,129908.872540076,4cbe291f-7ed5-48be-b13f-b974e115b3d0
53,E06000056,Central Bedfordshire, ,504615,234492,-0.47754318,51.99903488,715574831.404358,229110.838950899,6a0adee6-9cbb-47e1-baee-e6fb58937c6e
54,E06000057,Northumberland, ,395322,600699,-2.07523489,55.30037308,5030894200.41162,582093.098315827,f067acca-e9c7-478d-b14b-9d9ca2b50720
55,E06000058,"Bournemouth, Christchurch and Poole", ,410815,94066,-1.84807026,50.74608994,162077812.466125,155615.166739669,1d0a10dc-38a6-4c2a-993a-7b29ddc59140
56,E06000059,Dorset, ,370871,99796,-2.41467595,50.796978,2491050613.41153,555316.852107077,6261e75f-a2ff-4638-853f-da14cb45f437
57,E07000004,Aylesbury Vale, ,477330,223020,-0.87746537,51.90037537,902687418.81221,237401.068811822,a68be272-229c-4414-82d7-fa2cbafb67d5
58,E07000005,Chiltern, ,495432,198692,-0.62112695,51.67890167,196376837.5746,86098.375176815,f3cf1b05-85a7-486d-8f33-571e45fc756a
59,E07000006,South Bucks, ,498198,185455,-0.58484393,51.55944061,141272071.257629,83861.0276551436,aba9ab32-91bf-4eca-abb1-76cebf34dcb8
60,E07000007,Wycombe, ,482477,197052,-0.80883843,51.66620636,324627077.757576,111717.380946766,e17e4330-6cf3-4e82-8ba1-d6685c5ad02a
61,E07000008,Cambridge, ,545420,257901,0.12643614,52.20017624,40707275.2701416,36893.5946428477,b5472d78-8313-4725-a3bb-25a4cf00a176
62,E07000009,East Cambridgeshire, ,555576,275765,0.28314877,52.35788345,651264659.785522,231692.121373829,9a22ff8b-d9a1-4483-8941-62fe26cd0c97
63,E07000010,Fenland, ,536361,294959,0.00901581,52.53544617,546475074.875137,186361.537953597,89b3b761-9c59-4d94-b17c-09faad6429a4
64,E07000011,Huntingdonshire, ,521008,274269,-0.2247034,52.35315323,912555215.566505,220432.975387594,5a2a5aeb-cb2f-4d72-b303-e6e8b82a6f3b
65,E07000012,South Cambridgeshire, ,543295,247586,0.09101724,52.10805511,901689433.892166,254502.867092112,743fcf28-6285-4462-9cd6-0b1979d1e872
66,E07000026,Allerdale, ,317520,532997,-3.28090668,54.68524933,1258204634.7455,314596.400926405,699270ce-4eee-431b-b620-83ef135a95dc
67,E07000027,Barrow-in-Furness, ,321741,474165,-3.19990015,54.15731812,77822781.0083771,133037.863371948,e873df3b-5cf9-4ea0-91c6-ccae45410a64
68,E07000028,Carlisle, ,348576,565154,-2.80498338,54.9783287,1038259406.15385,270280.123865538,99cabad1-c152-488b-b3f5-767597d0eab9
69,E07000029,Copeland, ,310871,508739,-3.37664437,54.46617889,737540682.755188,240499.438051073,61821d00-cd35-48d9-8b65-70447d38687d
70,E07000030,Eden, ,359636,526396,-2.62678146,54.63107681,2156535662.7953,264013.003648515,b2c06ea6-7fbd-4d87-8cdb-f88442cca21e
71,E07000031,South Lakeland, ,349265,489555,-2.7810812,54.29908371,1554783370.63177,370409.166102527,3d14b569-f134-4760-8f25-ea354b2870e6
72,E07000032,Amber Valley, ,436166,348084,-1.46219921,53.02884674,265411700.613861,103841.36920962,e159bb47-063e-4806-86c0-44e2b2035088
73,E07000033,Bolsover, ,448666,371548,-1.27228081,53.23875809,160343476.147171,93033.0492865384,ec96926c-c220-41ce-85d1-0810c481bc84
74,E07000034,Chesterfield, ,440049,373359,-1.40115511,53.25575256,66025506.3756561,51101.406351041,f43bde20-3a28-4f4d-8c61-cb0c829f51c0
75,E07000035,Derbyshire Dales, ,419697,358493,-1.70711911,53.12326813,795432888.8713,237509.436940534,47849624-8eb1-4653-8e85-ee685eb9c2b6
76,E07000036,Erewash, ,443721,338063,-1.35090768,52.93820953,109630993.976608,71568.4733082185,907335b7-6efb-4856-b183-fe3e884e3885
77,E07000037,High Peak, ,410474,387660,-1.84398901,53.38570023,540226457.258606,156420.726136761,c281efe9-48b9-435c-9118-9ee16c7b3289
78,E07000038,North East Derbyshire, ,437369,362955,-1.44253874,53.16243362,275664413.958771,154897.943711967,34f36c10-1156-49f8-976a-bd61f4a1e626
79,E07000039,South Derbyshire, ,431443,325363,-1.53480911,52.82490158,338093721.016342,162378.34545135,a25c2832-ac1f-4db3-9373-e9db631d4b50
80,E07000040,East Devon, ,313790,96050,-3.22359729,50.75761032,814319805.795986,212218.681809457,aa923334-dda8-45f4-b533-57736df8cebb
81,E07000041,Exeter, ,293239,92005,-3.51368594,50.71782303,47047835.5506535,48103.7487899815,7532847a-27ce-4e3e-9d61-847d2e81abd9
82,E07000042,Mid Devon, ,288064,108911,-3.59212065,50.86882401,912826354.797884,238127.152547379,8aeb4a89-78e6-4203-939d-901d08bb2645
83,E07000043,North Devon, ,265110,132532,-3.92691612,51.07621002,1085788113.44345,288871.537756183,229c4001-1191-4b48-8b94-0d3da4e14291
84,E07000044,South Hams, ,270676,54036,-3.81995964,50.37195206,886622638.374451,439060.828000744,31660d44-c677-4c1a-92ad-843af04e6503
85,E07000045,Teignbridge, ,283144,80205,-3.65289545,50.60980988,673758382.341894,184457.151588724,f085b18f-5c2d-433d-9e79-5e301106fcc6
86,E07000046,Torridge, ,244206,114334,-4.21728659,50.90739059,985292034.8127,296471.849530064,bd6acf63-8774-4165-b4e8-707de352d5eb
87,E07000047,West Devon, ,256376,86999,-4.03361893,50.66489029,1161051021.3435,243710.712669416,124ca0b7-2f6c-4ad5-bfed-3b776a106790
88,E07000061,Eastbourne, ,559339,99575,0.25851598,50.77387238,44183646.3887291,36447.391194707,a8dfa46c-7261-42b2-95b0-90998acafe9f
89,E07000062,Hastings, ,581528,110694,0.57839531,50.86724472,29806079.5801926,33226.07335204,fd1ec4da-daaa-4885-9ec1-6a54518dce9c
90,E07000063,Lewes, ,541474,105686,0.0076714,50.8334198,292137656.650776,163973.270001767,cb3bb236-d609-4b0a-9f4a-78cc9e199572
91,E07000064,Rother, ,578721,119666,0.54293698,50.94871902,511804315.982498,174573.634826282,2c2922ee-cf2d-46b5-ae7a-e363e5aeef43
92,E07000065,Wealden, ,555048,117180,0.20515551,50.93322754,834917129.092754,216392.986348293,14203e8d-568b-44f8-b177-6d39b9b57a2b
93,E07000066,Basildon, ,571548,190848,0.4750554,51.59037018,109967951.145958,77782.3053039242,d2000484-a4f5-499f-a4a5-9a1405550335
94,E07000067,Braintree, ,577253,227335,0.57591105,51.91633987,611703285.087021,164156.082169929,f5757620-6ed0-489d-b010-0b148d79da9c
95,E07000068,Brentwood, ,558560,196070,0.29009101,51.64108658,153140699.968689,70298.8875654884,15d251b5-8b0d-48e3-8c5e-fcf06f0e893a
96,E07000069,Castle Point, ,579490,187920,0.58808386,51.56159973,44524054.0000229,136495.913757263,1fd9423f-5939-49e9-899e-a9253ab48cda
97,E07000070,Chelmsford, ,572116,206972,0.49117741,51.73503876,342223079.437462,122707.300315936,9465589c-708a-4815-b0de-ca5f64a57d4a
98,E07000071,Colchester, ,596944,223693,0.85977697,51.87702942,332146874.070702,286168.55773111,1d773aa3-d24a-4240-9e5c-ca30ca3dc819
99,E07000072,Epping Forest, ,548919,203758,0.15414664,51.71279526,338971088.450127,120750.49076256,c1365e77-21c8-4185-a90b-ab3ece96aa3a
100,E07000073,Harlow, ,545276,209589,0.10388812,51.7661438,30530203.9901733,27880.7774045821,2341a878-8e6e-4e29-8148-8164efba9d3f
101,E07000074,Maldon, ,591413,212072,0.77310628,51.77458954,357515647.082085,415270.679365822,7d18a9a8-7e94-4452-a0f7-bfbf743a15db
102,E07000075,Rochford, ,585979,191417,0.68344229,51.59090805,167099767.550034,218043.123205176,50056d80-e3db-4abf-8427-49b1f8164222
103,E07000076,Tendring, ,614190,222141,1.10898137,51.85674286,336158208.953346,381283.657111203,068a6821-bbd8-4718-a054-38494ea9b518
104,E07000077,Uttlesford, ,557832,228865,0.29448542,51.93592072,641116042.483047,163608.356674284,988985a8-8c7f-4661-8a3e-15223e6c5c79
105,E07000078,Cheltenham, ,394925,222232,-2.07515574,51.89861679,46565747.7086334,36708.4919786137,4000b33c-83fc-4c48-b042-f31e5049ddc3
106,E07000079,Cotswold, ,402125,208209,-1.97059631,51.7725563,1164540291.9432,324305.698986204,f9fe4cd6-ab25-449a-b6c4-beb1aeac7991
107,E07000080,Forest of Dean, ,367175,212759,-2.47755098,51.8125,525927678.238811,185284.646391936,473a7eb4-ce54-4e00-8f66-557db5c74e8e
108,E07000081,Gloucester, ,384071,216449,-2.23263431,51.84641647,40546714.1482239,32891.6501711982,b77992fb-2692-446c-ac20-86588c67d129
109,E07000082,Stroud, ,378807,202410,-2.30818748,51.72001266,460609291.072121,167751.147356962,2a76a536-a674-4dee-95e1-bbd1fb0ac6c9
110,E07000083,Tewkesbury, ,386347,226279,-2.19998574,51.93485641,414404647.991455,200136.044344702,86e3b494-976d-4f09-9d3e-75aae020d748
111,E07000084,Basingstoke and Deane, ,454508,151423,-1.22021604,51.2593689,633773510.353333,140482.788071949,14efaaef-dacb-432a-80b8-bb84ab45b6ce
112,E07000085,East Hampshire, ,474404,129237,-0.93971652,51.05765915,514426555.13097,141908.569059713,76f271da-92bd-4212-97a5-4c29f4089908
113,E07000086,Eastleigh, ,447202,116802,-1.32943356,50.94871902,79680870.1084862,71145.3823815293,75fa8bc0-e664-407a-9b1d-5296e09344cb
114,E07000087,Fareham, ,453774,106319,-1.23742843,50.85388565,74291008.7815018,62914.3780617004,c26d6b81-6277-4db8-b45c-1523ec39921d
115,E07000088,Gosport, ,458769,101088,-1.1673125,50.80636597,25366546.7156029,37347.3765658151,4511d902-1628-43b7-adaa-abc905a1b7c8
116,E07000089,Hart, ,477985,154240,-0.88321525,51.28197098,215260515.299454,76239.8941998495,f6a9d0c3-0afe-4d2d-9eb0-fc3b1d03ab0f
117,E07000090,Havant, ,470178,108564,-1.00398791,50.87231445,55729961.5525436,103323.405004084,48114c93-64cf-4469-932e-27d07b95f9c5
118,E07000091,New Forest, ,428748,106521,-1.59292984,50.85748291,752039505.079681,294082.137912519,f1dc54ea-1ea9-44d8-b4dd-27b2620530df
119,E07000092,Rushmoor, ,486022,153944,-0.76807731,51.27815628,39050957.337677,30724.6701908348,94982c79-d921-4845-bc66-31894602d25d
120,E07000093,Test Valley, ,434930,137329,-1.50214505,51.13417053,627615022.918613,187181.203550712,a73027c6-6c89-4364-aad0-e5359bf3c8a9
121,E07000094,Winchester, ,453115,125901,-1.24393809,51.03002167,660976871.820629,168779.01113637,72d8d200-e105-4ffb-b4d2-6afbd8c1a0ef
122,E07000095,Broxbourne, ,534742,204251,-0.05073315,51.72080612,51459622.2493668,38509.0228558253,8eb64da8-1155-407b-b324-5471a7f2a356
123,E07000096,Dacorum, ,500084,208745,-0.55098075,51.76845169,212450088.324257,108885.892892258,c380e483-6c78-4aef-803a-e2095c242760
124,E07000098,Hertsmere, ,519774,199352,-0.26899096,51.68017197,101113642.032181,60253.4521572297,7eef6028-3b10-4c9d-a68c-cc460ea5ee78
125,E07000099,North Hertfordshire, ,522192,230256,-0.22314332,51.9573822,375374474.341637,165912.675191875,92695f55-784d-443f-b869-3a699b936104
126,E07000102,Three Rivers, ,507313,196418,-0.45005265,51.65631866,88805058.7213974,73210.6367947036,6b6c6051-0df2-45ab-9542-a033ac8caf63
127,E07000103,Watford, ,510441,198197,-0.40428957,51.67170334,21403676.4801941,25970.5151133588,8e831ae7-c4ec-42a2-894b-84b027b5a5ca
128,E07000105,Ashford, ,597640,140644,0.82337439,51.13095856,580584670.174248,146595.916913848,2e03bfe8-dde3-4f7c-9cb8-a8795c952bdf
129,E07000106,Canterbury, ,616032,158096,1.09634244,51.28102875,308787425.302536,131725.4955152,95caa6f2-b073-4812-880d-20dd2483f97a
130,E07000107,Dartford, ,556167,172917,0.24527587,51.43373489,72711669.8401337,55323.7149676746,5bf5aa5b-921a-4c0d-b7c2-ff00bfe3f0df
131,E07000108,Dover, ,628964,150942,1.2768873,51.21176147,315320939.703384,144268.749014713,1b130bed-c302-4d6a-a389-cbaa140f2ddb
132,E07000109,Gravesham, ,566969,169114,0.39874393,51.396492,99017234.1003342,58925.7285174377,e05db23c-79d3-4ed0-99e5-8c0acbd5864f
133,E07000110,Maidstone, ,580489,151670,0.58406109,51.23566437,393320663.794434,120168.289932945,c4f28ee1-800e-46a5-821b-aeb374dfdfc8
134,E07000111,Sevenoaks, ,552776,155218,0.18893589,51.27563095,370334220.18737,130897.438594883,790753f3-964a-4934-91d9-50418f6e4f90
135,E07000112,Folkestone and Hythe, ,610318,134595,1.00079465,51.07213211,356984075.790291,146314.384715166,77877e54-e6e7-437e-9c07-7631727427bc
136,E07000113,Swale, ,593583,161818,0.77689278,51.3225174,373243387.532196,308965.887600051,e44f8f4c-8a35-4c8f-9fb7-53861baf7f9b
137,E07000114,Thanet, ,631839,166752,1.32822549,51.3525238,103594763.537239,61044.2712544047,1c3f7752-2515-4900-bb7f-720f5c51d130
138,E07000115,Tonbridge and Malling, ,564014,153898,0.34930581,51.26065063,240104485.784653,130017.871808677,56b9cacb-4cf2-4f80-afd7-2fad95c27947
139,E07000116,Tunbridge Wells, ,573139,136599,0.47163156,51.10254669,331301992.935707,145102.434846,d692c134-7fd0-4f7e-9a63-1abab46fea61
140,E07000117,Burnley, ,384886,430882,-2.2308073,53.77406693,110689854.350601,56278.1160413012,78ff1c86-faa6-4942-bbe8-35ec1e8edef0
141,E07000118,Chorley, ,359189,419724,-2.61921573,53.67240143,202676998.863892,110544.715634869,f1de8be1-ab42-40f2-8a6a-e1e9823f01db
142,E07000119,Fylde, ,339554,433811,-2.91914725,53.79709244,165566432.68689,128523.40477797,72322bbe-dd2b-466b-95c1-8860531a3256
143,E07000120,Hyndburn, ,374407,428971,-2.38964367,53.75648117,73005420.2627563,41794.3168314331,0dfe6f55-44bc-4f4b-a717-51a2bb06d4b7
144,E07000121,Lancaster, ,356896,464988,-2.66030431,54.07901001,566759609.210037,322881.320080224,db68836f-0c48-4609-afea-571c26678d3e
145,E07000122,Pendle, ,387637,443368,-2.18957543,53.88636398,169372051.704437,77785.3550107606,d3121dba-1d78-419b-91e6-16e1f97fc38d
146,E07000123,Preston, ,352825,436432,-2.7180953,53.82202148,142289596.250076,80700.5546355453,1ffa807e-49d2-4387-981b-6f346b933010
147,E07000124,Ribble Valley, ,372687,447676,-2.41740084,53.92450714,584448779.612213,147498.67372559,3e19225b-3567-4427-9939-bd2d3b1b3feb
148,E07000125,Rossendale, ,382827,420955,-2.26149249,53.68478012,138022945.29892,70163.0255118631,84002c33-faa8-4f11-83b9-aa484b5056c1
149,E07000126,South Ribble, ,352017,425840,-2.72871566,53.72675705,113089960.986679,99509.5997313921,afe0b8a0-2eb6-45ed-9a2a-b986efff5966
150,E07000127,West Lancashire, ,342611,413270,-2.86893272,53.61283493,346504630.257484,215697.107205943,b8201675-9188-40cb-b5ba-4a367a515347
151,E07000128,Wyre, ,347295,445159,-2.80359101,53.8999176,282038704.967926,201972.723438219,e3540406-007a-4a27-ac40-634530336c37
152,E07000129,Blaby, ,454385,297994,-1.19887924,52.57706833,130476234.387962,97755.5254543193,d99bed25-9052-4139-8a65-514fb8821909
153,E07000130,Charnwood, ,458365,316155,-1.13694823,52.7399025,279022354.608215,112587.162028435,be1ae07d-4310-4981-af93-0136a10b6daa
154,E07000131,Harborough, ,474549,293875,-0.90229785,52.53765869,592727893.133141,178075.52674632,97813b0c-9489-43fc-979b-fbfac747beaf
155,E07000132,Hinckley and Bosworth, ,439538,301379,-1.41755402,52.60877609,297357284.240761,108955.532605107,d6736431-e4a9-4de6-948f-5d2b82bff3a0
156,E07000133,Melton, ,477328,323472,-0.85440296,52.80329132,481364551.025803,136349.927920534,10b27c33-f66c-4cbb-b700-aedff4240a6b
157,E07000134,North West Leicestershire, ,439111,316252,-1.42209911,52.74250412,279328062.130035,113605.237878469,2d53ca20-b145-4617-9baa-827a340dceb9
158,E07000135,Oadby and Wigston, ,461543,299379,-1.09300768,52.58875656,23517256.3746338,30026.1003136775,2f07d9db-d7d4-409d-a04e-29fe0aa2ffea
159,E07000136,Boston, ,526851,343953,-0.11218222,52.97794342,364851181.287308,152432.222604498,fad6bff3-af5d-44db-a25f-ed0c5144e338
160,E07000137,East Lindsey, ,534861,376064,0.0205162,53.26446152,1766573455.33258,354332.301958539,f84650f5-150b-4e4c-a745-1e42d18549e0
161,E07000138,Lincoln, ,496347,370096,-0.55848902,53.21921158,35650906.9807739,32707.1185884069,3b3fcd67-014d-4475-80f4-12198315bb40
162,E07000139,North Kesteven, ,502135,354788,-0.47670698,53.08058167,922440524.125153,180156.825873425,d326a9b2-9f81-41a1-98ac-66e0c9a75341
163,E07000140,South Holland, ,532909,322928,-0.03058803,52.78758621,750785436.107712,195448.161194757,3bef27c8-5a4e-47b6-ba61-47bc580f5790
164,E07000141,South Kesteven, ,501406,328986,-0.49565244,52.84885788,942602124.015976,206857.655644262,5be87d0c-2ccc-4065-8b15-62eaee604dee
165,E07000142,West Lindsey, ,499314,390326,-0.50774544,53.40044785,1155679853.44348,246970.918892023,eab0d66e-1f84-4b73-ac39-96e7bee0697d
166,E07000143,Breckland, ,591015,303330,0.81871563,52.59420776,1305121438.30611,236074.929582602,17d15076-b281-4465-9e71-cdf431838e78
167,E07000144,Broadland, ,619864,315909,1.25231695,52.6962204,552010403.817596,211736.807478265,b908c987-0ee5-4e5c-846c-3d112b7911b3
168,E07000145,Great Yarmouth, ,646761,315881,1.64951026,52.68439484,174259270.456467,140138.780948388,fb3770c4-05f1-4977-bc59-db2f57e45d5a
169,E07000146,King's Lynn and West Norfolk, ,571219,315805,0.53324348,52.71283722,1439010041.97568,632442.549424793,8b15a31f-424e-4a4f-b498-0ccaa70851a4
170,E07000147,North Norfolk, ,611076,330857,1.13209856,52.83388901,967152580.115906,536828.40223006,56890af8-0076-4326-83df-d107bb51dc79
171,E07000148,Norwich, ,622355,309773,1.28497875,52.6401329,39025456.7993774,51237.493367466,9ca6e7bb-9094-4273-a123-1e7710fb41ba
172,E07000149,South Norfolk, ,628990,295823,1.37323284,52.51218414,907531930.247467,259921.9333674,24d73b78-b4ed-4466-9195-a4b6bddcfa43
173,E07000150,Corby, ,487862,290681,-0.70690769,52.50696945,80269878.352356,64616.3644061451,263da190-206c-4031-93e1-b6f217f136a7
174,E07000151,Daventry, ,467286,268437,-1.01447034,52.30994797,665646614.200844,174693.192406309,066fd861-f729-4591-8096-57c2d6c3552e
175,E07000152,East Northamptonshire, ,501344,287839,-0.50920248,52.47909546,509711101.313591,159950.233457998,6baac59c-39c5-45bc-bf38-b0993184b152
176,E07000153,Kettering, ,483866,282852,-0.76773369,52.43723297,233508179.221321,97151.3200736663,c7525fe4-16e1-4ca5-b2b3-9b7914a41c8f
177,E07000154,Northampton, ,476495,260539,-0.88120955,52.23775101,80731915.161026,45609.1571785802,cecfd817-8b63-4bd8-a7b1-6c0bd00df73b
178,E07000155,South Northamptonshire, ,463000,247077,-1.08129454,52.11844254,634080148.775932,218817.976019336,29253580-4fce-43b5-8e37-204ee2fc3d37
179,E07000156,Wellingborough, ,487787,266827,-0.71425498,52.29258347,163099452.187874,67891.7707362553,33679cd2-0d68-4a25-9056-635d5761f064
180,E07000163,Craven, ,389513,461989,-2.16168284,54.05376434,1178931312.17836,197099.043184721,26dd91eb-c6a8-4b67-90f7-afc81cb64a97
181,E07000164,Hambleton, ,443009,490546,-1.34049714,54.30872345,1311224708.99304,293340.75954986,ee78d967-08ad-4dc5-98ff-e850053a5f4a
182,E07000165,Harrogate, ,427473,464652,-1.58161652,54.07707977,1309056017.15192,243805.314327832,a36dd329-c684-4a61-a760-b9cedf9f8800
183,E07000166,Richmondshire, ,401039,495786,-1.98552287,54.35761261,1318705396.85822,219140.481047239,98f2cbca-5f7f-4097-a0d0-6c5d6ad9a611
184,E07000167,Ryedale, ,475590,478890,-0.84277862,54.2002182,1506637623.40047,244877.275355568,8e9c0737-a31a-4c36-ac2f-c97545a7e931
185,E07000168,Scarborough, ,495798,495548,-0.52778864,54.34650421,816291038.603867,234438.187702608,69591a07-9495-4122-9d89-1ae22220cb71
186,E07000169,Selby, ,457551,426670,-1.129089,53.73327255,599294889.869156,261868.775138987,1dab52c6-a601-429c-9dae-76eb9ca09f4f
187,E07000170,Ashfield, ,450035,355843,-1.25422001,53.09746933,109561751.05336,67000.6855825571,4c4e8e27-0e84-4ce6-a8f8-b5590ac7df4b
188,E07000171,Bassetlaw, ,468073,384835,-0.97870082,53.35604477,637847035.622147,156965.854147887,5c0affca-fd82-4272-aefc-8db0f2e161b2
189,E07000172,Broxtowe, ,449829,341893,-1.25944674,52.97210312,80141984.3651886,64009.0717795168,e7a19b5d-94d7-4844-be9c-5a09eabb4490
190,E07000173,Gedling, ,459184,347811,-1.11907661,53.0243454,119962352.901001,68700.4942553535,1fdb39b3-bf9a-45c0-aeef-d5741e320eaa
191,E07000174,Mansfield, ,455047,363637,-1.17804313,53.16703033,76667449.026886,50238.6083989727,9195164d-547c-4a6c-8851-1aa97555448d
192,E07000175,Newark and Sherwood, ,470624,357451,-0.94643545,53.10960388,651367237.235718,184320.580739598,deaefb42-4427-44b2-965e-5b1774a77c98
193,E07000176,Rushcliffe, ,466606,335453,-1.01097715,52.91240692,409237165.070175,120716.342020202,f29c72bd-bbb6-46a1-b292-c7905b342312
194,E07000177,Cherwell, ,449301,221201,-1.28506005,51.88720322,588715508.615707,218988.045494964,dbf5b7d2-effa-428f-a5d3-bd595da471a5
195,E07000178,Oxford, ,452277,206368,-1.24405694,51.75357819,45620575.7626953,34306.6936612187,267a68c1-e273-430d-bffb-4aa184b21008
196,E07000179,South Oxfordshire, ,463890,191964,-1.07847369,51.62288284,678412076.86351,201358.836648743,367b22e3-ec91-468c-96f6-f1c9a764a6e0
197,E07000180,Vale of White Horse, ,435693,195197,-1.48543572,51.65443802,578703539.855461,171032.924999718,a9e6a9ce-dace-4fed-9c63-2ec4af54e290
198,E07000181,West Oxfordshire, ,434343,215816,-1.50291991,51.83990479,714423757.575661,155616.721644924,df5ba896-5986-4279-8114-25db9776a928
199,E07000187,Mendip, ,362238,144090,-2.54178667,51.194767,739393243.249989,194706.929378196,56a38ebe-478e-4f73-abdc-a89bf9a706a0
200,E07000188,Sedgemoor, ,338429,143998,-2.88246918,51.19186783,564549014.643742,237387.873140798,c9ce07b9-6008-4646-ae57-cad3d6d0c9ea
201,E07000189,South Somerset, ,345633,120798,-2.77588749,50.98399734,959011399.659477,233987.788099745,87e27dd4-8db3-46ff-a3e4-a1053b353643
202,E07000192,Cannock Chase, ,401261,311553,-1.98277235,52.70166397,78893044.9708939,49320.9831529355,3e8dae5a-361d-4ac6-84f4-af215c3c838f
203,E07000193,East Staffordshire, ,412601,326569,-1.81438482,52.8365097,389989667.501762,178740.596185427,16baab94-1773-469f-845c-608213df6c38
204,E07000194,Lichfield, ,416283,310967,-1.76049483,52.69615936,331249730.765907,124712.049885682,7a118d91-f31d-4ea7-b50c-b0a5a81aaddb
205,E07000195,Newcastle-under-Lyme, ,378199,345174,-2.3263185,53.0034523,210970674.624611,103804.111898481,59727e8c-7f5e-4099-bf72-d481181fa4a9
206,E07000196,South Staffordshire, ,389625,311037,-2.15495157,52.69692612,407322540.068932,181197.373251906,aee005b8-167d-40e4-a2a8-794f9481cd73
207,E07000197,Stafford, ,389001,327836,-2.16475654,52.84792709,598191871.058464,154134.564663777,3cd9463f-2df3-4913-9e48-9d8b54632b2a
208,E07000198,Staffordshire Moorlands, ,400543,352443,-1.99334466,53.06924057,575824953.478516,146949.622772743,f25e5272-ab74-4330-8b25-570c48afdf8a
209,E07000199,Tamworth, ,421455,302550,-1.68451226,52.62031555,30861286.7782135,30137.097139094,3babfa17-93b3-44e9-843f-93a5c2bd5767
210,E07000200,Babergh, ,599987,244692,0.91614908,52.06450272,595123931.854263,198263.830054909,0102b8e8-a637-48ce-b7a6-d72ef9b87f19
211,E07000202,Ipswich, ,617161,244456,1.16614544,52.05592346,39515437.2144623,44247.1456778835,92ffc320-7cba-4006-8cbe-cb1fb9473d98
212,E07000203,Mid Suffolk, ,611646,262338,1.09695327,52.2185936,871028740.129242,188011.850796064,b750b9dc-9fe7-450c-a82d-a2be7bf07ba8
213,E07000207,Elmbridge, ,511882,163658,-0.39441383,51.36098099,96297938.7613602,51314.5637544586,fb446ef1-3b3f-479b-92da-341ce074c132
214,E07000208,Epsom and Ewell, ,521176,161475,-0.26172802,51.33945847,34119036.2570572,28204.9690114131,eb9cc0d0-8c74-4e1b-944a-c274e6cd482f
215,E07000209,Guildford, ,500408,151481,-0.56257904,51.25366211,270993285.742188,125212.771553173,ee42d491-dd9c-4d46-b717-9bd23f2c80e1
216,E07000210,Mole Valley, ,518377,148953,-0.30603874,51.2274971,258300166.461006,102795.987064326,abfcccfd-76ca-416d-b7bf-1234e49db048
217,E07000211,Reigate and Banstead, ,525786,152574,-0.19871359,51.258461,129129325.618645,77983.5992568725,edf097c9-b962-4991-bd9b-796463011f72
218,E07000212,Runnymede, ,501777,166979,-0.53855026,51.39273071,78051790.3862457,44988.8064869025,f0ee76de-996b-42bf-b6ac-06a2918bc806
219,E07000213,Spelthorne, ,507012,169622,-0.46253949,51.41552734,51167038.8344193,43537.1092654398,266836d9-381c-47c2-8c5e-c4d236b39bea
220,E07000214,Surrey Heath, ,491362,160483,-0.68986672,51.33610535,95104327.6773453,52368.4343650471,5e386b19-daca-417d-9ed0-507189b0b778
221,E07000215,Tandridge, ,536365,150325,-0.04805098,51.23581696,248195364.65461,80759.7384128619,3412ec9c-23ac-4b9d-ba36-31cc1ebf8769
222,E07000216,Waverley, ,496363,140635,-0.62343293,51.15686035,345198341.713844,122712.522876105,c220a306-9530-4c72-a97f-f29071d57c40
223,E07000217,Woking, ,499087,157542,-0.57982498,51.30837631,63555262.8897552,52819.0240475673,c2b07b3d-1284-4f25-9452-d4a6f0073b2a
224,E07000218,North Warwickshire, ,425570,296399,-1.62420118,52.56484222,284263120.559494,110988.911840937,a5e29c13-c084-4077-a6aa-1c3e38054df3
225,E07000219,Nuneaton and Bedworth, ,435419,289352,-1.47965884,52.50094223,78974914.3981934,46968.6799687585,98b44305-1871-4a4d-95eb-43d2b733993d
226,E07000220,Rugby, ,446498,276244,-1.31828034,52.38227844,353519327.862221,111663.24547671,f92a57d1-24f3-4215-983c-dde4f7b0a8ec
227,E07000221,Stratford-on-Avon, ,425019,251536,-1.63565767,52.16154861,977881209.671394,253359.749811264,6d01ef31-3427-4ef9-adab-598f5c71cb74
228,E07000222,Warwick, ,428484,267113,-1.58369684,52.30142212,282877410.92289,113378.515274277,a2a9d4f2-f84d-41c8-ad4f-a46c5ea71685
229,E07000223,Adur, ,518076,106472,-0.32417554,50.84572601,42103225.5460091,57221.9606072112,7f83d576-5a01-4be1-a955-f782617a3f75
230,E07000224,Arun, ,495144,105723,-0.64999628,50.84321213,220964816.553066,150175.460669834,cd5e006d-f20f-460f-8225-588ecce22e5f
231,E07000225,Chichester, ,490285,116600,-0.71630663,50.94177628,786211771.953995,271888.677440914,9d30b5c2-2176-4069-94a9-91ee6b759ba5
232,E07000226,Crawley, ,526390,137581,-0.19533151,51.1235733,44968900.2663193,38036.7738215019,0ca1c69d-997c-414b-a629-12038bf3047d
233,E07000227,Horsham, ,513674,123840,-0.38126734,51.00272369,530247846.400471,210487.3892896,5c531cd0-cda4-4776-9cd2-f9340eb582e7
234,E07000228,Mid Sussex, ,533054,130623,-0.10272419,51.05953598,334000302.226944,129511.918396461,1e926fd9-a101-4278-aef6-d24d83c7afb6
235,E07000229,Worthing, ,512679,104948,-0.40127176,50.83309937,32510150.9474983,28084.1871207002,f65f50f1-581c-43c2-97cb-71e70b74a028
236,E07000234,Bromsgrove, ,399840,273736,-2.00376534,52.36169434,217024404.64695,110390.860390203,2cceb3a4-f97b-4a41-8cac-77e041d10258
237,E07000235,Malvern Hills, ,377465,252197,-2.33089304,52.16758728,577087605.614456,223488.666676292,e627e1dd-b02b-4d2b-9681-bffeb99504c2
238,E07000236,Redditch, ,403705,265253,-1.94710016,52.28541946,54266229.0936356,40249.0404151791,d8b1a012-747a-4834-9652-8fea87959334
239,E07000237,Worcester, ,385725,255196,-2.21025252,52.19482422,33295690.8830261,30432.3746729432,4f753211-1c67-4dbd-b4ca-3ef9df80bdb6
240,E07000238,Wychavon, ,398991,247839,-2.01614714,52.1288681,663451081.816544,214580.841096959,03f5ee61-8492-473f-b6fd-bc3ccdeb17ec
241,E07000239,Wyre Forest, ,384106,276388,-2.23494458,52.3853035,195421918.626526,97451.7863157489,5b078929-384e-4b81-80c1-047f20082cc2
242,E07000240,St Albans, ,514580,209623,-0.34070614,51.7735672,161267075.786026,71895.625830209,b611ad3b-68a8-446b-a023-e753e300ab53
243,E07000241,Welwyn Hatfield, ,525345,208467,-0.18518008,51.76087189,129481543.037354,81105.1825558154,0c8fec81-2361-4748-a294-59847285a383
244,E07000242,East Hertfordshire, ,537995,220370,0.00273888,51.86485672,475708897.363335,132750.940836997,587d2728-402b-427a-a180-566540dfa4ae
245,E07000243,Stevenage, ,524622,224531,-0.18987159,51.90539551,25941960.0195923,28109.3898863682,412edf7a-5a58-4fa9-bbd8-e28af741b96b
246,E07000244,East Suffolk, ,636043,266272,1.45618594,52.24399567,1260819063.34944,542677.523755105,d17720f3-1c09-4314-beae-135c26a4b435
247,E07000245,West Suffolk, ,580944,271124,0.65276903,52.30842972,1034725532.46582,269064.58664582,7fc59e1e-db76-4997-8a2d-2b3bcc7b9123
248,E07000246,Somerset West and Taunton, ,304960,130228,-3.35766053,51.06348801,1189171879.88295,282568.0351019,374e2668-6b5a-4404-8d07-4a4987e9efaa
249,E08000001,Bolton, ,368352,409873,-2.47952032,53.58449936,139798126.801605,78823.7854910904,d93f7c2e-693e-462d-9468-c1bc941fdfd9
250,E08000002,Bury, ,379658,410768,-2.30880284,53.59310532,99463152.1776886,66902.1925323237,31a82280-74d1-40b2-b3e0-dc2bcdad1acf
251,E08000003,Manchester, ,384591,397063,-2.23359513,53.47008896,115603923.268799,83822.6011132776,02ef8ddf-4fd1-4177-b247-7d6dda9b6314
252,E08000004,Oldham, ,396603,406784,-2.05274892,53.55768204,142343444.099838,69707.015360626,a0e04ea5-5b89-4938-a6f5-85a01ff16f25
253,E08000005,Rochdale, ,390315,412326,-2.14784431,53.60741806,158161477.749191,81291.3100188251,9bb552c8-f236-4fc6-8691-f82c95853c6e
254,E08000006,Salford, ,374556,398128,-2.38485146,53.47927094,97156253.1437531,62394.3949364922,462b42d1-07a6-4edd-ab3e-8e6ae3009e5e
255,E08000007,Stockport, ,391806,388264,-2.1246736,53.39116287,126049317.353714,71157.3427744345,1e1f8ca2-a8f0-414e-920d-43249cf704e0
256,E08000008,Tameside, ,394987,397995,-2.07700157,53.47867203,103162089.310165,54108.1134632102,ac1158a4-e6aa-47a3-a031-1e6efa320d6e
257,E08000009,Trafford, ,375790,391162,-2.36572099,53.41671753,106019710.678635,59145.5126902675,2e4ce553-e17b-4c8e-90df-fe285cb920df
258,E08000010,Wigan, ,362136,402126,-2.57246995,53.51445389,188159027.917313,84920.7227477717,7ab6f8cd-e4eb-4c3a-a971-6628f2e59eca
259,E08000011,Knowsley, ,344762,393778,-2.83297849,53.43788528,86537089.9847946,66872.2638554576,d9903e2b-6b5b-45b3-bf1c-990cfe343b5c
260,E08000012,Liverpool, ,339361,390553,-2.91364908,53.40830612,111821804.498016,61272.4739663757,a9b3f604-5506-41fd-9b12-eaac94ae5fc9
261,E08000013,St. Helens, ,353412,395992,-2.70310783,53.45862198,136413407.727379,74993.9544363222,a4cd37bf-b8b9-4626-a819-276da3ea2b31
262,E08000014,Sefton, ,334282,398832,-2.99177051,53.48210144,156546654.01059,125881.986753264,c4d2f819-585b-46a5-956d-c27adc54ff34
263,E08000015,Wirral, ,329110,386965,-3.06701899,53.37478256,160873971.343872,126093.980583964,3ef63349-e6ce-417c-ab73-7e46460d04c8
264,E08000016,Barnsley, ,429979,403327,-1.54925871,53.52577591,329132791.348877,123630.700978978,157c1642-af85-44c1-895e-8568bafd0e39
265,E08000017,Doncaster, ,459167,403735,-1.10894644,53.52697372,568029183.990143,168559.950420315,60482790-dd9b-48ec-8fb9-a3688efc00cf
266,E08000018,Rotherham, ,447542,388980,-1.28651464,53.39553833,286456466.647644,103583.099253547,21358e07-59de-4762-872d-61b765353331
267,E08000019,Sheffield, ,430511,389736,-1.5425483,53.40358734,367862436.81517,129225.529876876,d1751680-c2be-4212-910c-b0436fa3c426
268,E08000021,Newcastle upon Tyne, ,422287,569662,-1.65296984,55.02101135,113438915.979813,64380.2394546128,d594e43b-e513-48e1-bbdb-d188ed4fd35c
269,E08000022,North Tyneside, ,431471,570602,-1.50922978,55.028965,82296083.7806549,63138.0311186653,05fa3c29-3716-40b3-8439-30259837936f
270,E08000023,South Tyneside, ,435514,564057,-1.44679487,54.96988297,64434490.6725616,49092.5340343013,3e6a7758-3da4-47b5-9843-35e185972c5e
271,E08000024,Sunderland, ,436470,551524,-1.43344533,54.85719681,137392639.128906,97588.8196977204,304e2be5-fc89-4f28-a4f8-8211f84d3571
272,E08000025,Birmingham, ,408150,287352,-1.88141155,52.48404312,267777386.362793,104110.709344091,e9225787-a92d-451a-bcd7-c2e24d7a83c5
273,E08000026,Coventry, ,432807,279689,-1.51908123,52.41423798,98624088.1915283,53000.3104489021,61d1cc9a-81fb-42df-9621-296c640817e8
274,E08000027,Dudley, ,393191,288584,-2.10171437,52.49513626,97939618.5682602,72680.5957603189,61549c32-0497-4ba2-8107-91897ee8365f
275,E08000028,Sandwell, ,399573,290764,-2.00771594,52.51477814,85588622.6174545,57899.0607257125,e85a633e-2e1f-4f8c-b77c-1cd1cb98c702
276,E08000029,Solihull, ,419434,281483,-1.71558833,52.43099976,178289391.88768,98750.8283156053,64f5da0d-466d-4281-8281-54c3dfad4139
277,E08000030,Walsall, ,402098,300804,-1.97044873,52.60503387,103989562.694435,58572.7910846035,86dbd474-12e3-4656-a669-67f2085fb7e6
278,E08000031,Wolverhampton, ,391463,300016,-2.12746382,52.59788132,69439465.0673599,54799.084405874,b680c283-3e81-45fd-b5e9-7ea333e831a5
279,E08000032,Bradford, ,408395,438626,-1.87389529,53.84382629,366393462.768555,131638.591979608,e2a35829-b391-4e7e-8bdd-be9cd1185835
280,E08000033,Calderdale, ,402617,424896,-1.96182156,53.72048187,363994685.962402,105460.985103304,1a5e9cbc-78e7-4362-aecb-674e8577329a
281,E08000034,Kirklees, ,414586,416223,-1.78085077,53.64233398,408496914.221252,121475.526828061,51fa28d8-28b8-4b02-b0ab-24079e7c1165
282,E08000035,Leeds, ,432528,436384,-1.50736105,53.82273102,551786395.130417,156579.744252898,4c434d2e-2bb4-46cd-bdb0-883f6765f2ff
283,E08000036,Wakefield, ,438366,418235,-1.42092538,53.65922165,338612308.735733,106104.755166892,36abc8a3-0fc8-4ed2-9d7b-a79893abe63f
284,E08000037,Gateshead, ,420168,559658,-1.68680847,54.93120575,142361186.561279,87126.7394771541,2e84237b-7932-4528-8271-7ee93085033d
285,E09000001,City of London, ,532381,181359,-0.09353302,51.5156517,2888164.33641052,9024.53720425655,5900bb48-6323-4c46-85d4-d6530c0cb3f0
286,E09000002,Barking and Dagenham, ,547757,185111,0.1294792,51.54555511,36087468.7584686,39879.493645547,889813fd-f2d0-4d38-92db-02e34de7df4e
287,E09000003,Barnet, ,523472,191753,-0.21821079,51.61108017,86799644.2739258,49775.1621978613,ea0f8464-1022-47dd-b1d7-c783725dc3c8
288,E09000004,Bexley, ,549203,175435,0.14622723,51.45823669,60584193.8533325,46139.8673269356,3c7c63b8-39f0-45a8-a55c-55714013c7be
289,E09000005,Brent, ,519615,186468,-0.27568623,51.56441498,43223381.6856232,37663.3533799777,171589e4-2c5d-474a-a1a8-980d86a76138
290,E09000006,Bromley, ,542036,165708,0.0392461,51.37267303,150132375.786957,74646.7383702238,65e25fef-eb57-42e1-935b-e222a0014fa3
291,E09000007,Camden, ,527492,184284,-0.16289474,51.54306412,21807916.306839,25858.7657244134,3da9e486-6b6b-4d85-a51b-5db933b71a7c
292,E09000008,Croydon, ,533922,164745,-0.07761733,51.36598587,86526481.5927429,57515.9685075841,90cbd5d2-4b5a-4892-8fbc-b5c43944105e
293,E09000009,Ealing, ,517057,181960,-0.31407198,51.52443314,55538606.1349792,46679.0318010089,a27485f0-a926-4aea-ad2c-bd2a0da82512
294,E09000010,Enfield, ,532829,196197,-0.08147169,51.64888763,82171315.912941,40459.9292548008,648ed802-2af6-442f-a02c-0a9c0f338234
295,E09000011,Greenwich, ,542508,175878,0.05010693,51.46393967,47284189.3279037,46363.1320897572,6b255bc2-2ba3-4fbe-a892-d016ef633255
296,E09000012,Hackney, ,534560,185787,-0.0604578,51.55492783,19055483.6849442,25016.0385025555,460b2002-ee73-4162-abb5-a6533122c1fe
297,E09000013,Hammersmith and Fulham, ,523867,177993,-0.21735138,51.48733139,16395418.325264,23479.8769108037,c4a8bc21-b65d-4375-beab-79525e3c25f3
298,E09000014,Haringey, ,531262,189349,-0.10667177,51.58771515,29601373.7916718,28383.7438263761,4e21c87f-7331-4e7b-a884-7e45ab354822
299,E09000015,Harrow, ,515356,189736,-0.33603087,51.59467316,50448079.6994247,33263.3700683185,d3adca3a-6023-4bc7-8fe3-ea51e3720f82
300,E09000016,Havering, ,555032,187514,0.23536815,51.56519699,112337413.536263,62449.541487383,08407f36-4bad-4324-b668-1e4057e0a910
301,E09000017,Hillingdon, ,508166,183120,-0.44182354,51.53663254,115737808.471672,62381.7547929404,aec13c99-1f8e-4d2e-bf1a-12d473c9b629
302,E09000018,Hounslow, ,512742,174965,-0.37847617,51.46244049,55953297.4385529,62016.6188431505,fa96459c-f5eb-42b5-8d14-9bbb5af8a7b6
303,E09000019,Islington, ,531158,184647,-0.10992447,51.54548645,14837418.4557343,20477.2991887994,ee470a2c-d8f5-4337-9522-a7528f753cee
304,E09000020,Kensington and Chelsea, ,525757,179053,-0.18976684,51.49644089,12145056.8599091,20696.6842522498,0d3a9f80-7ac7-4803-b70d-313b3e254eb4
305,E09000021,Kingston upon Thames, ,519508,167389,-0.28367853,51.39296341,37275476.8108521,37073.5596039576,c11c9729-b3dc-4d0d-8133-3886e34e2a6a
306,E09000022,Lambeth, ,531118,175629,-0.11385089,51.46445465,26801303.7866669,33299.8392314435,dc65305d-4ee7-4815-bce4-2763df149213
307,E09000023,Lewisham, ,537889,173344,-0.01732963,51.44231033,35184383.4708633,40247.7959825416,2ba63dfd-a93b-432f-aeb4-2e3ad8d98a1d
308,E09000024,Merton, ,526069,169507,-0.18867275,51.41057968,37628566.9068222,31735.6253290763,fa735adc-dd5e-43ef-96cf-2f2a0ea93f1b
309,E09000025,Newham, ,540715,183344,0.02728896,51.53147507,36201642.3089294,34372.9782392077,a3ad0006-3cc4-4e15-a868-a3b6e481ef3b
310,E09000026,Redbridge, ,543511,189478,0.07007106,51.58589172,56387337.3318787,49343.9691240785,eeecd1cf-fff9-4923-9b9a-1205ae5c9e18
311,E09000027,Richmond upon Thames, ,519005,172650,-0.28913999,51.44035339,57326629.556015,66999.1434722068,ca34e63d-d95b-453d-99e4-a5b80c0be5e0
312,E09000028,Southwark, ,533947,175866,-0.07306065,51.46591949,28850852.7228241,33571.6143118747,f68b6bb2-7dee-4748-ae34-b3dd89d8892c
313,E09000029,Sutton, ,527356,163640,-0.17227913,51.35756302,43845356.7949677,39107.0542312478,b9f03582-592c-4950-b9ca-bacd10fbf5d4
314,E09000030,Tower Hamlets, ,536343,181452,-0.03643243,51.51554871,19762163.3504257,27434.5074273043,a16f04e6-5e8d-405d-b6e9-0b058f3819fc
315,E09000031,Waltham Forest, ,537327,190277,-0.01881788,51.59461212,38825590.7297745,32631.1436913301,d9cdca02-3bb0-4140-b768-79af88842c6a
316,E09000032,Wandsworth, ,525151,174138,-0.20023112,51.45240402,34263455.6142578,37949.5922938619,98137404-5122-4eed-8dec-f266b2e4876f
317,E09000033,Westminster, ,528268,180870,-0.15295337,51.51220703,21451632.9040909,26902.4645182732,5baedf09-84bf-4a0b-8939-88ba8e989b08
318,N09000001,Antrim and Newtownabbey, ,130813,541285,-6.17760134,54.6938591,728208877.340023,161710.43541639,a9404abd-8004-4398-875c-bc09cae38bfe
319,N09000002,"Armagh City, Banbridge and Craigavon", ,112110,508158,-6.43455315,54.38670731,1437078870.10774,237863.872704574,573e7486-bad3-48c0-9df9-c59ee9e4afef
320,N09000003,Belfast, ,146465,529747,-5.92535162,54.59853363,137699186.847107,64576.492294539,4639661a-0ded-44cc-937c-e5b1f4df539a
321,N09000004,Causeway Coast and Glens, ,106168,581420,-6.59960699,55.03961945,1985660059.85556,354935.359681988,d912e446-5df3-4d3b-b76c-a07bc486b316
322,N09000005,Derry City and Strabane, ,51779,559566,-7.42064238,54.80904388,1251143282.26826,264565.413638133,56fd4d52-a31a-48ee-8f9b-b0d4bfb8b37e
323,N09000006,Fermanagh and Omagh, ,41233,513013,-7.52710342,54.38521194,3012151189.32627,413273.105956381,f5988573-7e7d-43af-8eeb-e2de2421f103
324,N09000007,Lisburn and Castlereagh, ,138712,518920,-6.03545475,54.49752426,510440564.104111,163009.211284189,6b34b95f-d99e-4ea3-89db-9a18d685d0a1
325,N09000008,Mid and East Antrim, ,133943,560151,-6.14645767,54.86462402,1061382497.38097,227466.924395825,5ea71178-51f5-4ee4-99cf-cf70a608086b
326,N09000009,Mid Ulster, ,83920,528564,-6.88890648,54.55273438,1957254689.28272,310993.45472401,b22d0409-8669-42cd-8cb6-7c298ec3814c
327,N09000010,"Newry, Mourne and Down", ,133006,480432,-6.08891249,54.14953613,1682460925.58524,360876.713091903,5151cc7a-e533-41bb-a5cc-d0e6770d42e6
328,N09000011,Ards and North Down, ,164321,524944,-5.64568901,54.56409836,566562735.723274,180332.404442242,79c1721a-838a-4f81-848e-65ada36eab45
329,S12000005,Clackmannanshire, ,291159,696335,-3.75344396,56.1472435,158979887.921661,91719.3857979403,34156a3a-faf6-48ba-a41a-1dbca4c1135d
330,S12000006,Dumfries and Galloway, ,270645,579856,-4.02863407,55.09621048,6436381718.86641,1113810.06125309,50b65ab2-74e4-4517-9cc6-fdb15f18696f
331,S12000008,East Ayrshire, ,255398,624935,-4.2905736,55.49674225,1270379319.57849,330821.192352426,85ab73f1-eeb1-41a0-8553-47d29b7940c2
332,S12000010,East Lothian, ,354854,672351,-2.72435188,55.94207001,679254471.205368,190921.794701166,9ed74014-8e69-4fef-83fa-133625c8b40d
333,S12000011,East Renfrewshire, ,251929,653115,-4.36060047,55.74868774,174253419.623489,91778.6459000282,d10d193c-ac10-406d-bf29-51648821ed38
334,S12000013,Na h-Eileanan Siar, ,126473,932862,-6.65722418,58.19939041,3094210019.17947,3422257.46113934,896bc9f9-9371-415f-8354-387bd8eadd9f
335,S12000014,Falkirk, ,289661,679536,-3.7706089,55.99604034,297322859.990265,140604.675182239,e922a0c7-3978-4bbc-86f1-50a749360818
336,S12000017,Highland, ,241018,858292,-4.66103792,57.58657074,26158826784.1882,4771019.21281041,543fb7e9-ad34-40b9-b8ed-932779002ec4
337,S12000018,Inverclyde, ,227922,670894,-4.75387001,55.9003067,161926312.430801,75785.4676613347,035d475f-1d8e-48cc-9bcf-a4a6765215a0
338,S12000019,Midlothian, ,330088,659217,-3.1173799,55.8211174,355263255.608215,124135.505289216,538629a7-9f76-4c99-9d48-829c9997ff3c
339,S12000020,Moray, ,328024,843593,-3.20187807,57.47683716,2237411516.11621,444255.48066392,fd603fe4-b062-41a8-ba60-2ab4717d5020
340,S12000021,North Ayrshire, ,228996,651640,-4.72460413,55.72789383,885396269.229065,329999.274790329,c619e17e-87ce-467f-a240-509f9bf57f4e
341,S12000023,Orkney Islands, ,348293,1006584,-2.90025139,58.9433403,1015744729.06248,1096734.84929048,8ad3b8c8-26e9-4f9d-9639-4ec96a60aaab
342,S12000026,Scottish Borders, ,345891,626135,-2.85866237,55.52593994,4739229011.10025,499557.438458431,4535349c-b820-459c-a1ff-f7c3ab0c64f0
343,S12000027,Shetland Islands, ,434516,1180307,-1.37344193,60.50495148,1468003958.06378,2057148.19249411,6c452212-10a7-4264-8541-7e1dd860d28d
344,S12000028,South Ayrshire, ,226545,596271,-4.72899771,55.23008728,1224342426.88908,317966.399061989,6edd3903-0406-4e36-a8b9-13f464eeb7ab
345,S12000029,South Lanarkshire, ,284634,636071,-3.83272195,55.60453033,1773926901.12222,280013.450211633,8e719f2c-0449-4016-bfb9-3a540fa123ab
346,S12000030,Stirling, ,255980,708769,-4.32595587,56.24953079,2253444484.59398,335042.373068187,be65e018-4140-4678-9144-a8fdc93ba7aa
347,S12000033,Aberdeen City, ,387763,808479,-2.20398307,57.16698074,185617417.399048,118830.463468819,249659df-65dd-4029-ab9e-d7a1678fd628
348,S12000034,Aberdeenshire, ,352284,816277,-2.79208875,57.23469543,6317910994.22173,755768.391866946,909da7c1-cd4c-455f-846f-74a5fd25a790
349,S12000035,Argyll and Bute, ,200740,715443,-5.22114611,56.28944397,7005518869.62122,3453528.06428743,aea3ef72-5943-45a5-a28e-7d2f5794cf62
350,S12000036,City of Edinburgh, ,320193,669416,-3.27826762,55.91119385,263363114.047867,105653.046367146,ba16edae-4e0f-4b2b-aec2-a4875e788733
351,S12000038,Renfrewshire, ,239305,664698,-4.56834316,55.848629,261463680.318054,127466.409478649,df1b1ab7-ae08-45d4-b2ab-489052af205c
352,S12000039,West Dunbartonshire, ,242904,681586,-4.52074718,56.00140381,177290971.943085,100530.396096877,912dfad4-9793-41d6-9999-262eb4b4e370
353,S12000040,West Lothian, ,299483,668514,-3.60909843,55.89920807,428827174.264465,131693.624540364,dfc2a149-06d3-4726-a68c-c9921e6c5bc2
354,S12000041,Angus, ,345518,759594,-2.89189911,56.72480774,2185129808.02773,310495.27026611,e571b6c3-d870-4555-becd-c3ee488d8ada
355,S12000042,Dundee City, ,340291,732145,-2.97095275,56.47760773,59855425.9025421,46173.2145604748,f3efe9f4-decd-48de-b4db-003e7c50b9b5
356,S12000045,East Dunbartonshire, ,261240,676154,-4.22417879,55.95829391,174481272.454239,97680.8375765719,8323e93b-fbc3-4fab-8601-45d5720f094e
357,S12000047,Fife, ,339197,704726,-2.98235416,56.23117065,1325540125.74361,336745.358517993,30dc1498-567d-4ae4-af45-d23c9b2c95a9
358,S12000048,Perth and Kinross, ,284304,744186,-3.8848083,56.57529449,5383642979.84479,611008.177615824,3028bc75-fe83-46e4-b299-5007b73ada15
359,S12000049,Glasgow City, ,261534,667033,-4.21479702,55.87649155,174637038.883514,132817.662254593,cd6e8ee7-d32e-4338-b0fd-ce549c4e469a
360,S12000050,North Lanarkshire, ,277984,665608,-3.95140457,55.86814499,472356013.387894,160413.041015427,cbae37c6-204d-48d7-9814-6acbee8f849e
361,W06000001,Isle of Anglesey,Ynys Môn,245212,378343,-4.32306194,53.27941895,714810287.886345,338139.102551705,b64b60c0-870b-421f-b9b7-459dfe78a893
362,W06000002,Gwynedd,Gwynedd,280555,334966,-3.77715659,52.89883804,2548039236.6088,598123.813722575,7a84319d-8bd7-4184-ace9-d40957eb765d
363,W06000003,Conwy,Conwy,283293,362563,-3.74646139,53.1473999,1130307120.7974,276201.444616454,6902ffb4-3c3a-4abe-9b18-41e2b0a89aff
364,W06000004,Denbighshire,Sir Ddinbych,309843,355416,-3.34761024,53.08833313,838579712.746849,224389.512804998,6953b4e6-f26b-4a82-9ccf-11c7149cfbf3
365,W06000005,Flintshire,Sir y Fflint,321134,369280,-3.182482,53.21471786,439650802.998329,229335.308135885,e3b45715-d72a-4d13-9ea1-75157436b3ee
366,W06000006,Wrexham,Wrecsam,333523,345387,-2.99203324,53.00167465,503684318.663422,184240.465520894,c987dac1-0c9d-400f-a7ef-5d04fe5e7c88
367,W06000008,Ceredigion,Ceredigion,267127,268437,-3.94993043,52.29795456,1788829714.81544,360962.496720742,3c457b88-ad70-446a-8e4f-148b7e5f3a68
368,W06000009,Pembrokeshire,Sir Benfro,199821,221392,-4.90818453,51.85513687,1618219963.5681,665721.26515157,1bfc6e2e-6558-45fd-bfb2-54cea4edbfaa
369,W06000010,Carmarthenshire,Sir Gaerfyrddin,247954,224133,-4.21110582,51.89495468,2371033224.70882,559003.312017334,688cb7be-08d3-4489-a4a8-a4c75b2446cc
370,W06000011,Swansea,Abertawe,264022,197308,-3.96723199,51.6580658,377522132.253338,253357.660093478,0bf109d3-b8fe-486e-98b4-c0ecf134b195
371,W06000012,Neath Port Talbot,Castell-nedd Port Talbot,279261,195412,-3.74638271,51.64450836,442232280.442848,176811.358003091,815f33d2-aa83-4612-8f0a-41d7336a4acf
372,W06000013,Bridgend,Pen-y-bont ar Ogwr,288231,185870,-3.61375856,51.56060028,250838171.15773,87969.779690241,e9ff244c-1e2c-4d9d-89ce-9f433c71ab5a
373,W06000014,Vale of Glamorgan,Bro Morgannwg,302946,173081,-3.39803028,51.44836807,331273153.807995,104686.492909132,ad4023d0-edd6-4803-ad52-42ff63d36cf3
374,W06000015,Cardiff,Caerdydd,315273,178887,-3.22208047,51.5025444,142343657.831707,76926.6005195956,9b4be5e1-0e13-4171-aa3c-3f5b9c40f3b5
375,W06000016,Rhondda Cynon Taf,Rhondda Cynon Taf,302237,192395,-3.41359758,51.62185669,424134187.0298,127114.928724166,cdd48f9c-4b81-43dc-aa39-7a7d496737a5
376,W06000018,Caerphilly,Caerffili,317245,195259,-3.19753766,51.65001297,277352303.206161,113804.922191333,6f7e7efc-9a36-43c6-8b0e-77e978ab09a5
377,W06000019,Blaenau Gwent,Blaenau Gwent,318236,206771,-3.18592119,51.75364304,108725540.681915,64663.0036647055,8e713314-899f-4fcc-b231-b49fa45cff33
378,W06000020,Torfaen,Torfaen,327459,200480,-3.05101871,51.69836044,126223129.768017,78980.2905661471,026faff6-efd5-4850-a4d7-e531750cd529
379,W06000021,Monmouthshire,Sir Fynwy,337812,209231,-2.90280581,51.77827835,850251574.110115,218427.82392372,330f3c8c-c853-4d9c-8abb-3621943cb273
380,W06000022,Newport,Casnewydd,337897,187432,-2.89768982,51.58230972,190374025.40757,148812.809038633,12228bd3-524f-4fa6-8558-8e05003ca65c
381,W06000023,Powys,Powys,302329,273255,-3.43531823,52.34864807,5195418983.43062,590016.735867603,f28ef12f-ea31-47ed-87e5-022e13223340
382,W06000024,Merthyr Tydfil,Merthyr Tudful,305916,206424,-3.36425757,51.74858856,111930293.773514,65314.3209843588,dc4ee0e3-33d6-4b56-a031-c414b7103913
