name,type,coef_pred,ci_pred,p_pred,coef_imd,ci_imd,p_imd,coef_int,ci_int,p_int,n_practices,n_obs,error
hydro_rain_high_vs_med,binary_pair,-0.5815532558920755,"(np.float64(-0.7739666652631927), np.float64(-0.38876672951868585))",3.6163536426322507e-09,,"(nan, nan)",,,"(nan, nan)",,11234,1249310,
hydro_rain_low_vs_med,binary_pair,-1.3724472715730962,"(np.float64(-1.6325603442137404), np.float64(-1.1116463817970823))",1.1051618464242568e-24,,"(nan, nan)",,,"(nan, nan)",,11008,1090990,
met_rain_high_vs_med,binary_pair,-0.41436176283781156,"(np.float64(-0.6160826800478691), np.float64(-0.2122314098806366))",5.979834219418754e-05,,"(nan, nan)",,,"(nan, nan)",,9476,1090472,
met_rain_low_vs_med,binary_pair,-1.4233540554905444,"(np.float64(-1.691305462238557), np.float64(-1.1546723170387518))",5.558020999219305e-25,,"(nan, nan)",,,"(nan, nan)",,9297,951828,
met_tmax_high_vs_med,binary_pair,1.8184143831015964,"(np.float64(1.464680933348217), np.float64(2.1733810437843726))",3.3530902212573146e-24,,"(nan, nan)",,,"(nan, nan)",,9618,1184202,
met_tmax_low_vs_med,binary_pair,-1.3669566591141935,"(np.float64(-1.7973559175775922), np.float64(-0.9346710612001985))",6.887734591813446e-10,,"(nan, nan)",,,"(nan, nan)",,9415,1029777,
met_tmin_high_vs_med,binary_pair,2.4676440403803124,"(np.float64(2.058507910281615), np.float64(2.8784203313669154))",7.148698083996507e-33,,"(nan, nan)",,,"(nan, nan)",,9638,1195787,
met_tmin_low_vs_med,binary_pair,-0.8206604740006007,"(np.float64(-1.3020153529079037), np.float64(-0.3369580039010778))",0.0009011242125508219,,"(nan, nan)",,,"(nan, nan)",,9284,944629,
flood,binary_simple,0.42424676431445096,"(np.float64(-0.501811428319554), np.float64(1.3589240462851926))",0.3704410037100234,,"(nan, nan)",,,"(nan, nan)",,11752,1500329,
aqrean_carbon_monoxide_high_vs_not,binary_simple,1.3741586766116587,"(np.float64(1.0488095708634404), np.float64(1.7005553161315357))",8.691099509831044e-17,,"(nan, nan)",,,"(nan, nan)",,10408,907782,
aqrean_daqi_overall_daqipair1,daqi_pair1,-1.3701179032086008,"(np.float64(-1.843606934998221), np.float64(-0.894344844304451))",1.9216154869115163e-08,,"(nan, nan)",,,"(nan, nan)",,10391,898467,
aqrean_daqi_overall_daqipair2,daqi_pair2,-0.45957463080399386,"(np.float64(-0.6730117877646102), np.float64(-0.24567883293630244))",2.599505470111391e-05,,"(nan, nan)",,,"(nan, nan)",,10391,898467,
aqrean_nitrogen_monoxide_high_vs_not,binary_simple,0.52938876370201,"(np.float64(0.23285503741015123), np.float64(0.8267997697121388))",0.0004598644677870928,,"(nan, nan)",,,"(nan, nan)",,10408,907782,
aqrean_nitrogen_dioxide_high_vs_not,binary_simple,-1.8915449818498131,"(np.float64(-2.290730912824801), np.float64(-1.490728198357183))",4.303777374204964e-20,,"(nan, nan)",,,"(nan, nan)",,10408,907782,
aqrean_daqi_nitrogen_dioxide_daqipair1,daqi_pair1,,"(nan, nan)",,,"(nan, nan)",,,"(nan, nan)",,10391,898467,Singular matrix
aqrean_daqi_nitrogen_dioxide_daqipair2,daqi_pair2,,"(nan, nan)",,,"(nan, nan)",,,"(nan, nan)",,10391,898467,Singular matrix
aqrean_nox_expressed_as_nitrogen_dioxide_high_vs_not,binary_simple,0.23792073869963737,"(np.float64(-0.06899812509321146), np.float64(0.5457822447875182))",0.1288072024757279,,"(nan, nan)",,,"(nan, nan)",,10408,907782,
aqrean_ozone_high_vs_not,binary_simple,-1.6937332035281139,"(np.float64(-1.9980024633648008), np.float64(-1.388519271288735))",3.420088837900239e-27,,"(nan, nan)",,,"(nan, nan)",,10408,907782,
aqrean_daqi_ozone_daqipair1,daqi_pair1,1.0714698541206324,"(np.float64(-2.086071348706975), np.float64(4.330835859454751))",0.5104490065036424,,"(nan, nan)",,,"(nan, nan)",,10391,898467,
aqrean_daqi_ozone_daqipair2,daqi_pair2,-1.3938814127063548,"(np.float64(-1.6867236345171066), np.float64(-1.1001669122975732))",2.2444027989606793e-20,,"(nan, nan)",,,"(nan, nan)",,10391,898467,
aqrean_pm2p5_high_vs_not,binary_simple,-1.0361747292218726,"(np.float64(-1.3667771829521946), np.float64(-0.7044641500618898))",1.0555672610480495e-09,,"(nan, nan)",,,"(nan, nan)",,10408,907782,
aqrean_daqi_pm2p5_daqipair1,daqi_pair1,-1.402955374219017,"(np.float64(-1.883175303216622), np.float64(-0.920385071766916))",1.4131111365717948e-08,,"(nan, nan)",,,"(nan, nan)",,10391,898467,
aqrean_daqi_pm2p5_daqipair2,daqi_pair2,-0.46161895434079225,"(np.float64(-0.7209024346564674), np.float64(-0.20165831312405347))",0.0005073481124831375,,"(nan, nan)",,,"(nan, nan)",,10391,898467,
aqrean_pm10_high_vs_not,binary_simple,-0.5826693828380747,"(np.float64(-0.9006520015068631), np.float64(-0.26366644518820426))",0.0003499433916870393,,"(nan, nan)",,,"(nan, nan)",,10408,907782,
aqrean_daqi_pm10_daqipair1,daqi_pair1,-4.4335262973011265,"(np.float64(-5.556504767179105), np.float64(-3.2971950746401246))",5.507116909145904e-14,,"(nan, nan)",,,"(nan, nan)",,10391,898467,
aqrean_daqi_pm10_daqipair2,daqi_pair2,-1.2431767746627687,"(np.float64(-1.585177073943278), np.float64(-0.8999879937975797))",1.5744822608312339e-12,,"(nan, nan)",,,"(nan, nan)",,10391,898467,
aqrean_sulfur_dioxide_high_vs_not,binary_simple,-1.8410449009400698,"(np.float64(-2.109292166679244), np.float64(-1.5720625644554675))",2.055161472915991e-40,,"(nan, nan)",,,"(nan, nan)",,10408,907782,
aqrean_daqi_sulfur_dioxide_daqipair1,daqi_pair1,,"(nan, nan)",,,"(nan, nan)",,,"(nan, nan)",,10391,898467,Singular matrix
aqrean_daqi_sulfur_dioxide_daqipair2,daqi_pair2,17.50196483505182,"(np.float64(-15.22907014515017), np.float64(62.870830410123865))",0.3329553052723201,,"(nan, nan)",,,"(nan, nan)",,10391,898467,
hydro_rain_values,continuous,0.02444538123285156,"(np.float64(-0.061800744635875926), np.float64(0.11076593704211213))",0.5786515198875001,,"(nan, nan)",,,"(nan, nan)",,11445,1396202,
hydro_rain_values_x_imd,continuous_interaction,0.02259299943703219,"(np.float64(-0.0636669030186221), np.float64(0.10892735700367417))",0.6078212699124532,1.1510727550522404,"(np.float64(0.2951752522451834), np.float64(2.014274303477337))",0.008295937149224554,-3.826467688261559e-05,"(np.float64(-0.08290242955349969), np.float64(0.08289462186987784))",0.9992781627276881,11445,1396202,
met_rain_values,continuous,0.07838806213562588,"(np.float64(-0.011628475979064135), np.float64(0.1684856394452705))",0.08788274180220754,,"(nan, nan)",,,"(nan, nan)",,9682,1233315,
met_rain_values_x_imd,continuous_interaction,0.08387098844704344,"(np.float64(-0.0064788066727827776), np.float64(0.17430241971070348))",0.06885654349298163,0.5174485179546551,"(np.float64(-0.3294255170557814), np.float64(1.3715182136191606))",0.23185827148662774,-0.07062177367900269,"(np.float64(-0.1594750923921251), np.float64(0.018310620261874355))",0.11957445433159808,9682,1233315,
met_tmax_values,continuous,1.0663766812915032,"(np.float64(0.7762008071953153), np.float64(1.357388090337719))",4.808531386480859e-13,,"(nan, nan)",,,"(nan, nan)",,9682,1233315,
met_tmax_values_x_imd,continuous_interaction,1.0688205011494922,"(np.float64(0.7782340219417039), np.float64(1.3602448646754528))",4.586974481567554e-13,0.5240638298700029,"(np.float64(-0.32281768425180823), np.float64(1.3781406547168862))",0.2259337087737079,-0.012069215976751035,"(np.float64(-0.09349177137051301), np.float64(0.06941969778189172))",0.7715190864078317,9682,1233315,
met_tmin_values,continuous,1.1583486339469484,"(np.float64(0.8855751233095344), np.float64(1.4318596671490713))",6.280857944973337e-17,,"(nan, nan)",,,"(nan, nan)",,9682,1233315,
met_tmin_values_x_imd,continuous_interaction,1.1600588770629194,"(np.float64(0.8870167770696824), np.float64(1.4338399421951031))",6.062842336456669e-17,0.5132457342113206,"(np.float64(-0.3335328478904276), np.float64(1.3672186514550377))",0.23562851271201524,-0.014232618764931093,"(np.float64(-0.09681001032638692), np.float64(0.06841302913147551))",0.7356300736651312,9682,1233315,
aqrean_carbon_monoxide_values,continuous,0.916699724608705,"(np.float64(0.7886493440891318), np.float64(1.0449127911058786))",4.6073079899187016e-45,,"(nan, nan)",,,"(nan, nan)",,10408,907782,
aqrean_carbon_monoxide_values_x_imd,continuous_interaction,0.9221227637767893,"(np.float64(0.7913765667047157), np.float64(1.053038564327169))",8.645644962481203e-44,0.8818595365194026,"(np.float64(-0.8580404309213918), np.float64(2.652294021432522))",0.32259655083468963,0.020254772660832643,"(np.float64(-0.09049194786293624), np.float64(0.1311242526330636))",0.7201180692438238,10408,907782,
aqrean_daqi_overall_values,continuous,-0.4815092297828394,"(np.float64(-0.5946545742734122), np.float64(-0.3682351007794793))",9.089358389462773e-17,,"(nan, nan)",,,"(nan, nan)",,10391,898467,
aqrean_daqi_overall_values_x_imd,continuous_interaction,-0.4835700369716145,"(np.float64(-0.5968462223379878), np.float64(-0.3701647662222918))",7.306399980958948e-17,0.8226536062359013,"(np.float64(-0.9215125543167613), np.float64(2.5975238648631827))",0.3574804410768794,-0.02719552930739999,"(np.float64(-0.12014740341977914), np.float64(0.06584284924684436))",0.5665805532597272,10391,898467,
aqrean_nitrogen_monoxide_values,continuous,0.10829121537332398,"(np.float64(-0.038009865212662586), np.float64(0.25480641740838195))",0.14692517349805467,,"(nan, nan)",,,"(nan, nan)",,10408,907782,
aqrean_nitrogen_monoxide_values_x_imd,continuous_interaction,0.1123129667088163,"(np.float64(-0.03734808319918459), np.float64(0.26219808460052896))",0.14140524035664853,0.7757014826915709,"(np.float64(-0.962411997930035), np.float64(2.5443189217845275))",0.3840269636448097,0.012919923695675628,"(np.float64(-0.09999752014577812), np.float64(0.12596499865631383))",0.8226441897657122,10408,907782,
aqrean_nitrogen_dioxide_values,continuous,0.04969107137964279,"(np.float64(-0.12928398049688594), np.float64(0.22898685860754942))",0.5865671418548583,,"(nan, nan)",,,"(nan, nan)",,10408,907782,
aqrean_nitrogen_dioxide_values_x_imd,continuous_interaction,0.04142648616898281,"(np.float64(-0.13815505495485825), np.float64(0.2213309687519205))",0.6513994915226766,0.7832553519046659,"(np.float64(-0.9549156053172747), np.float64(2.5519299761686653))",0.37941122232504776,-0.07167906501044374,"(np.float64(-0.20361736442831013), np.float64(0.060433666730452806))",0.28745596345701674,10408,907782,
aqrean_daqi_nitrogen_dioxide_values,continuous,-0.3476373353865414,"(np.float64(-0.4748032613211106), np.float64(-0.22030892624924636))",9.027972946173257e-08,,"(nan, nan)",,,"(nan, nan)",,10391,898467,
aqrean_daqi_nitrogen_dioxide_values_x_imd,continuous_interaction,-0.3513830664595541,"(np.float64(-0.4805507578273027), np.float64(-0.2220477265304388))",1.0434742306213037e-07,0.8309502781702616,"(np.float64(-0.9135526831833829), np.float64(2.606166729255177))",0.35272600595691206,-0.014206912177816555,"(np.float64(-0.12742367447844405), np.float64(0.09913819401599078))",0.8058465529114507,10391,898467,
aqrean_nox_expressed_as_nitrogen_dioxide_values,continuous,0.09411643566648031,"(np.float64(-0.06266901737672637), np.float64(0.25114785964013286))",0.23952521768299195,,"(nan, nan)",,,"(nan, nan)",,10408,907782,
aqrean_nox_expressed_as_nitrogen_dioxide_values_x_imd,continuous_interaction,0.093574040417721,"(np.float64(-0.06652016242216785), np.float64(0.2539247154011104))",0.25212406470488735,0.7771320846454488,"(np.float64(-0.9610141225655511), np.float64(2.54578296848329))",0.38315620946133655,-0.003353136862926931,"(np.float64(-0.12106998732474006), np.float64(0.11450245414088567))",0.955504870385227,10408,907782,
aqrean_ozone_values,continuous,-0.6415298278630188,"(np.float64(-0.7899172986690517), np.float64(-0.4929204154872191))",3.172077799794321e-17,,"(nan, nan)",,,"(nan, nan)",,10408,907782,
aqrean_ozone_values_x_imd,continuous_interaction,-0.6501778549814596,"(np.float64(-0.798807162054227), np.float64(-0.50132586237146))",1.347789482446544e-17,0.9166524584456104,"(np.float64(-0.8239441695912619), np.float64(2.6877975550232636))",0.3039844190132007,0.07868220126665548,"(np.float64(-0.0122035229020101), np.float64(0.16965053766551108))",0.08975534123842442,10408,907782,
aqrean_daqi_ozone_values,continuous,-0.6668833685293474,"(np.float64(-0.7884539373176791), np.float64(-0.5451638311604112))",9.233096531855415e-27,,"(nan, nan)",,,"(nan, nan)",,10391,898467,
aqrean_daqi_ozone_values_x_imd,continuous_interaction,-0.6775060396323362,"(np.float64(-0.7993143129404134), np.float64(-0.5555481982507771))",1.831491870966561e-27,1.0175289770218754,"(np.float64(-0.7305044574699826), np.float64(2.7963434774535))",0.25565184553681686,0.1123325487830007,"(np.float64(0.021000584892738594), np.float64(0.20374791043551443))",0.01591386477027767,10391,898467,
aqrean_pm2p5_values,continuous,-0.051838597536735254,"(np.float64(-0.16850788530068384), np.float64(0.06496703720970665))",0.38423544465735526,,"(nan, nan)",,,"(nan, nan)",,10408,907782,
aqrean_pm2p5_values_x_imd,continuous_interaction,-0.052327622457337686,"(np.float64(-0.1690093189455344), np.float64(0.0644904507030919))",0.379818036190805,0.7724880382975696,"(np.float64(-0.9653608797300373), np.float64(2.5408325373533547))",0.3859346755985039,-0.01465917519097859,"(np.float64(-0.10779125761565256), np.float64(0.07855973667600935))",0.7578267286857897,10408,907782,
aqrean_daqi_pm2p5_values,continuous,-0.19058062570095347,"(np.float64(-0.3189246499543552), np.float64(-0.062071352542436564))",0.0036637982560570473,,"(nan, nan)",,,"(nan, nan)",,10391,898467,
aqrean_daqi_pm2p5_values_x_imd,continuous_interaction,-0.19563989198079224,"(np.float64(-0.3241018018243502), np.float64(-0.067012420927548))",0.0028818442505138616,0.742876837509221,"(np.float64(-0.9998882384840369), np.float64(2.516320970890007))",0.405814291915198,-0.08770927222711,"(np.float64(-0.18211941562666922), np.float64(0.006790166548431564))",0.06888177363379061,10391,898467,
aqrean_pm10_values,continuous,0.04941520856920345,"(np.float64(-0.06599293185798327), np.float64(0.16495662733944094))",0.40150509461220085,,"(nan, nan)",,,"(nan, nan)",,10408,907782,
aqrean_pm10_values_x_imd,continuous_interaction,0.048776838456121574,"(np.float64(-0.06665793870375136), np.float64(0.16434495637598356))",0.4077245300572573,0.7675032087067546,"(np.float64(-0.9702289754763616), np.float64(2.535728376087798))",0.3889873255248688,-0.01806906420126486,"(np.float64(-0.11216945584263671), np.float64(0.0761199757134623))",0.7068133935669363,10408,907782,
aqrean_daqi_pm10_values,continuous,-0.2507708107069573,"(np.float64(-0.37372909018600353), np.float64(-0.12766077669214004))",6.612129139066374e-05,,"(nan, nan)",,,"(nan, nan)",,10391,898467,
aqrean_daqi_pm10_values_x_imd,continuous_interaction,-0.25560747776628423,"(np.float64(-0.3787632562043175), np.float64(-0.13229944920308823))",4.903992906555092e-05,0.7687742440504408,"(np.float64(-0.9744628722231918), np.float64(2.5426991579538205))",0.3897125728194446,-0.06208705689269012,"(np.float64(-0.15816762293749953), np.float64(0.03408597014720183))",0.2056840652305879,10391,898467,
aqrean_sulfur_dioxide_values,continuous,-0.38369723059559213,"(np.float64(-0.5074890629969575), np.float64(-0.2597513723522238))",1.3651062383186603e-09,,"(nan, nan)",,,"(nan, nan)",,10408,907782,
aqrean_sulfur_dioxide_values_x_imd,continuous_interaction,-0.3687498678936363,"(np.float64(-0.4938932830989895), np.float64(-0.24344906662538968))",8.362535374165466e-09,0.6710592504206359,"(np.float64(-1.0653024955218804), np.float64(2.437895159511383))",0.45118653400917064,0.09173592353297622,"(np.float64(-0.0262952690748941), np.float64(0.20990646640766109))",0.12772911118297972,10408,907782,
aqrean_daqi_sulfur_dioxide_values,continuous,-0.06152339526046546,"(np.float64(-0.1533828697601214), np.float64(0.030420590495539024))",0.1896248464817557,,"(nan, nan)",,,"(nan, nan)",,10391,898467,
aqrean_daqi_sulfur_dioxide_values_x_imd,continuous_interaction,-0.04208366036566602,"(np.float64(-0.14239560819495622), np.float64(0.058329055822103903))",0.41126248628794937,0.7546610938743648,"(np.float64(-0.9883070752778056), np.float64(2.5283118819066086))",0.3984349504321033,0.06939785327566561,"(np.float64(-0.07525249702279302), np.float64(0.21425759838735736))",0.3472360537030922,10391,898467,
