name,type,pred_coef,pred_ci_low,pred_ci_high,pred_p,imd_coef,imd_ci_low,imd_ci_high,imd_p,region_main,n_practices,n_obs,error
hydro_rain_high_vs_med,binary_pair,-0.6047046554759516,-0.69954395891203,-0.5097747734681857,1.3449063638328546e-35,3.641331872696396,3.189721899263409,4.09491831785882,5.498666154514506e-58,"{'East Midlands': {'coef': 13.329544268552418, 'ci_low': 4.614610529992125, 'ci_high': 22.770476695849638, 'p': 0.0021768255400119486}, 'East of England': {'coef': 16.585354000420118, 'ci_low': 8.080485563615936, 'ci_high': 25.75947171705635, 'p': 7.169039093243954e-05}, 'London': {'coef': -23.953987843981206, 'ci_low': -28.725764991408052, 'ci_high': -18.862742418263334, 'p': 1.2118608300172852e-16}, 'North East': {'coef': 44.98398357862341, 'ci_low': 32.00766793334988, 'ci_high': 59.235867305372224, 'p': 8.19003948624854e-15}, 'North West': {'coef': 2.241427255996453, 'ci_low': -4.342553952083838, 'ci_high': 9.278575575883607, 'p': 0.513948523501462}, 'South West': {'coef': 16.697592238871884, 'ci_low': 7.887465282280215, 'ci_high': 26.227157146741554, 'p': 0.0001154737613118151}, 'West Midlands': {'coef': -7.045744013447786, 'ci_low': -13.432647209895343, 'ci_high': -0.18761776204901937, 'p': 0.04425471290973492}, 'Yorkshire and The Humber': {'coef': 12.160533414340357, 'ci_low': 4.04805777063284, 'ci_high': 20.90552697793857, 'p': 0.00273631897512746}}",9838,1165290,
hydro_rain_low_vs_med,binary_pair,-0.47684117970948625,-0.606254494810754,-0.3472593650105771,6.028924750372215e-13,3.3711942966704544,2.896331680964215,3.848248385095987,3.122329907125941e-45,"{'East Midlands': {'coef': 14.46592600702552, 'ci_low': 5.775788131799442, 'ci_high': 23.87001267548905, 'p': 0.0007969621993522255}, 'East of England': {'coef': 15.408307621497475, 'ci_low': 7.117696800922535, 'ci_high': 24.34058858464443, 'p': 0.00016475966913333495}, 'London': {'coef': -24.268443993265308, 'ci_low': -28.95288297601696, 'ci_high': -19.275139999485635, 'p': 1.43077730362971e-17}, 'North East': {'coef': 44.77039626360868, 'ci_low': 31.99970730278734, 'ci_high': 58.77662202876503, 'p': 4.088040355179131e-15}, 'North West': {'coef': 1.1450327619491052, 'ci_low': -5.271026359794906, 'ci_high': 7.995656020427755, 'p': 0.7334816065948788}, 'South West': {'coef': 16.243825855244577, 'ci_low': 7.594348071774926, 'ci_high': 25.588632596670525, 'p': 0.0001359651011169122}, 'West Midlands': {'coef': -8.254708946679223, 'ci_low': -14.461681800191739, 'ci_high': -1.5973354678674334, 'p': 0.015931224680629387}, 'Yorkshire and The Humber': {'coef': 10.065734749271904, 'ci_low': 2.2310641617470317, 'ci_high': 18.500830107079036, 'p': 0.01090785021028699}}",9744,1019763,
met_rain_high_vs_med,binary_pair,-0.47682639504295077,-0.5773126710108545,-0.37623855783253113,1.801247178819925e-20,2.056269102164565,1.6058502543359943,2.5086846572493604,1.8962294158892406e-19,"{'East Midlands': {'coef': 15.044365579934205, 'ci_low': 5.737781034066969, 'ci_high': 25.17007565560112, 'p': 0.001128871699136542}, 'East of England': {'coef': 13.401369074160607, 'ci_low': 4.4089066483655515, 'ci_high': 23.168328456921937, 'p': 0.0028498035635232018}, 'London': {'coef': -24.61647997782015, 'ci_low': -29.632885330742333, 'ci_high': -19.24245981032009, 'p': 8.779777263338745e-16}, 'North East': {'coef': 42.51469421756546, 'ci_low': 29.39106114352534, 'ci_high': 56.969406452251725, 'p': 6.592928185366286e-13}, 'North West': {'coef': 13.46370058865931, 'ci_low': 0.9492017709545442, 'ci_high': 27.52960028830149, 'p': 0.034140797533076826}, 'South West': {'coef': 16.82360904649629, 'ci_low': 7.644766519180712, 'ci_high': 26.785129198239098, 'p': 0.00019575899367574155}, 'West Midlands': {'coef': -8.147272653774607, 'ci_low': -14.97816034882371, 'ci_high': -0.7675727136151722, 'p': 0.03113134400602621}, 'Yorkshire and The Humber': {'coef': 9.18485506539719, 'ci_low': 0.954377759141467, 'ci_high': 18.086336028873284, 'p': 0.02798457598467991}}",8259,1015693,
met_rain_low_vs_med,binary_pair,-0.41033419528682114,-0.5453628498402918,-0.27512221355953104,2.85363217083819e-09,1.9304648575643402,1.4538353528608772,2.409333564797378,1.2882831387707582e-15,"{'East Midlands': {'coef': 16.527810591148516, 'ci_low': 7.235333646735831, 'ci_high': 26.625527047818444, 'p': 0.0003091990242900285}, 'East of England': {'coef': 12.873774875216991, 'ci_low': 4.079975547460801, 'ci_high': 22.410569252790257, 'p': 0.0034305049312229148}, 'London': {'coef': -24.295165657352, 'ci_low': -29.24809073910084, 'ci_high': -18.995515418336296, 'p': 7.489189979453486e-16}, 'North East': {'coef': 41.8231682090481, 'ci_low': 28.957053434950986, 'ci_high': 55.97294219348645, 'p': 5.974364390505344e-13}, 'North West': {'coef': 14.074287912555604, 'ci_low': 1.710911142927074, 'ci_high': 27.940483636711, 'p': 0.02446109850324511}, 'South West': {'coef': 18.16413575977065, 'ci_low': 9.023306797747788, 'ci_high': 28.07135822578033, 'p': 4.8439383349347724e-05}, 'West Midlands': {'coef': -8.072710771971636, 'ci_low': -14.795287610606934, 'ci_high': -0.8197285357472994, 'p': 0.029825551532897832}, 'Yorkshire and The Humber': {'coef': 10.06521215341676, 'ci_low': 1.8973834015804547, 'ci_high': 18.887752776081058, 'p': 0.014779469704597217}}",8193,888558,
met_tmax_high_vs_med,binary_pair,1.7741104581116884,1.5977231846075135,1.950803963579295,7.399755608227921e-88,2.0184215824659457,1.5891542300474182,2.449502814144,1.563743615986035e-20,"{'East Midlands': {'coef': 14.560241741426005, 'ci_low': 5.218708891986479, 'ci_high': 24.73113504297617, 'p': 0.0017353513096618669}, 'East of England': {'coef': 13.13363861497223, 'ci_low': 4.077431308067525, 'ci_high': 22.977863936492128, 'p': 0.003746154881711662}, 'London': {'coef': -24.95404556214521, 'ci_low': -29.9894705692764, 'ci_high': -19.556453532301653, 'p': 5.456742155182554e-16}, 'North East': {'coef': 43.68143825260253, 'ci_low': 30.302398457742385, 'ci_high': 58.4341957069308, 'p': 3.657591020089899e-13}, 'North West': {'coef': 12.780192061453954, 'ci_low': 0.20893185596577712, 'ci_high': 26.92852309513183, 'p': 0.04608900324428091}, 'South West': {'coef': 16.9140605706672, 'ci_low': 7.631053584608161, 'ci_high': 26.997712127537543, 'p': 0.00021375056674293233}, 'West Midlands': {'coef': -8.697933646488988, 'ci_low': -15.54550877338361, 'ci_high': -1.2951567246696993, 'p': 0.022155050961570385}, 'Yorkshire and The Humber': {'coef': 9.606108914650612, 'ci_low': 1.2717676474394812, 'ci_high': 18.62633970440031, 'p': 0.02301671272750899}}",8324,1101174,
met_tmax_low_vs_med,binary_pair,-0.5282595870059192,-0.7449115227520786,-0.3111347479357929,1.9252418231318792e-06,1.936846102398193,1.47174283117395,2.4040812090168506,2.0068722095834804e-16,"{'East Midlands': {'coef': 15.123059619696377, 'ci_low': 5.843465301216821, 'ci_high': 25.21622207363423, 'p': 0.0010218959883689118}, 'East of England': {'coef': 12.64803203489322, 'ci_low': 3.7796335283916793, 'ci_high': 22.27427183834443, 'p': 0.004417021195198717}, 'London': {'coef': -25.51645393153069, 'ci_low': -30.438740073172376, 'ci_high': -20.245857525157106, 'p': 3.039987569673464e-17}, 'North East': {'coef': 41.417642099089576, 'ci_low': 28.472288503765732, 'ci_high': 55.667418474296056, 'p': 1.4956151464459972e-12}, 'North West': {'coef': 14.005802300678027, 'ci_low': 1.512466666733281, 'ci_high': 28.03671691765366, 'p': 0.02686645014641249}, 'South West': {'coef': 17.29550761049401, 'ci_low': 8.128678049708649, 'ci_high': 27.239473872773633, 'p': 0.00012188307196921195}, 'West Midlands': {'coef': -9.835566027808074, 'ci_low': -16.495755017867207, 'ci_high': -2.64416910463372, 'p': 0.008183497204200746}, 'Yorkshire and The Humber': {'coef': 9.662611671086662, 'ci_low': 1.4352066783771322, 'ci_high': 18.557341107947913, 'p': 0.020444454311431156}}",8233,960599,
met_tmin_high_vs_med,binary_pair,1.935005760678843,1.7320685242020017,2.138347820556463,2.987968150385754e-79,1.9508763007749952,1.5228374515050547,2.380719840113521,2.245461934309618e-19,"{'East Midlands': {'coef': 14.217040711301676, 'ci_low': 4.906033589043024, 'ci_high': 24.35445267096337, 'p': 0.0021848523005567086}, 'East of England': {'coef': 13.089840083228399, 'ci_low': 4.039537514631797, 'ci_high': 22.927420051742576, 'p': 0.003846485111009628}, 'London': {'coef': -25.000139650361085, 'ci_low': -30.030822392307222, 'ci_high': -19.607758090229442, 'p': 4.624932045138481e-16}, 'North East': {'coef': 42.96978528260853, 'ci_low': 29.662008513471093, 'ci_high': 57.64339715308018, 'p': 7.449374892696459e-13}, 'North West': {'coef': 12.84246577863608, 'ci_low': 0.27060730699728364, 'ci_high': 26.99057505473059, 'p': 0.04498388360274749}, 'South West': {'coef': 17.013243683431668, 'ci_low': 7.723955226147128, 'ci_high': 27.1035691975295, 'p': 0.00019691592382880787}, 'West Midlands': {'coef': -8.811456815193253, 'ci_low': -15.64868631648919, 'ci_high': -1.4200248336752486, 'p': 0.020361242518004474}, 'Yorkshire and The Humber': {'coef': 9.330448951963156, 'ci_low': 1.0195295301055562, 'ci_high': 18.325111229859537, 'p': 0.027006020791573257}}",8324,1111829,
met_tmin_low_vs_med,binary_pair,0.025955897597174094,-0.21689467414711672,0.26939751529060363,0.8342500129850039,2.1431886359885244,1.6652204269124837,2.6234039617080596,7.92243499091964e-19,"{'East Midlands': {'coef': 16.86862241440896, 'ci_low': 7.583137743887991, 'ci_high': 26.955535890359815, 'p': 0.0002238553568683033}, 'East of England': {'coef': 12.500109857430486, 'ci_low': 3.7870584072960956, 'ci_high': 21.944632713901147, 'p': 0.004187043458098445}, 'London': {'coef': -24.248589597093527, 'ci_low': -29.17930828435168, 'ci_high': -18.974581594468464, 'p': 6.111265993230482e-16}, 'North East': {'coef': 42.71503348648391, 'ci_low': 29.807830046462836, 'ci_high': 56.90564102148494, 'p': 1.923795006416076e-13}, 'North West': {'coef': 14.944554001713794, 'ci_low': 2.5432875192921367, 'ci_high': 28.84559110870315, 'p': 0.016796531644615934}, 'South West': {'coef': 18.09745714315225, 'ci_low': 9.004023616486357, 'ci_high': 27.949491412803784, 'p': 4.724017793494049e-05}, 'West Midlands': {'coef': -8.297074226984357, 'ci_low': -14.974463774949243, 'ci_high': -1.0952830327040308, 'p': 0.024737491685365633}, 'Yorkshire and The Humber': {'coef': 10.495412235324842, 'ci_low': 2.3312938500314573, 'ci_high': 19.310874178403804, 'p': 0.010821591439145607}}",8168,881960,
flood,binary_simple,-0.26655142617701966,-0.7237908337517918,0.19279390262092466,0.2549388261928447,3.4281580999604433,3.0225314094450617,3.835381849000874,1.9818148836461505e-63,"{'East Midlands': {'coef': 12.549901723061229, 'ci_low': 3.6909717374397966, 'ci_high': 22.165702236319973, 'p': 0.004706228728333627}, 'East of England': {'coef': 13.900821042008694, 'ci_low': 5.465139896522664, 'ci_high': 23.01123429763201, 'p': 0.0009154321608702568}, 'London': {'coef': -25.19175484548658, 'ci_low': -29.970845183674864, 'ci_high': -20.086518853813406, 'p': 6.8729117740184556e-18}, 'North East': {'coef': 44.174155732729645, 'ci_low': 31.014909171257, 'ci_high': 58.655127975355704, 'p': 6.788265528580747e-14}, 'North West': {'coef': 0.6461355169998573, 'ci_low': -5.975549047729034, 'ci_high': 7.734153105008268, 'p': 0.8528493534743498}, 'South West': {'coef': 15.02422682354152, 'ci_low': 6.1959898411146686, 'ci_high': 24.58636880873255, 'p': 0.0005916124151505185}, 'West Midlands': {'coef': -7.650916318069834, 'ci_low': -14.15205794203106, 'ci_high': -0.6574525556668709, 'p': 0.032592338442161244}, 'Yorkshire and The Humber': {'coef': 8.99796274705631, 'ci_low': 0.9961861175420861, 'ci_high': 17.63370815984837, 'p': 0.02677565059386379}}",10155,1396426,
aqrean_carbon_monoxide_high_vs_not,binary_simple,0.5866877327203035,0.43646910416912377,0.7371310369949979,1.700865148276606e-14,2.2208115521200833,1.4185249381654108,3.029444775940404,4.664950336164927e-08,"{'East Midlands': {'coef': 10.768370640570634, 'ci_low': 2.8029931787742157, 'ci_high': 19.350921164619827, 'p': 0.007231293178707009}, 'East of England': {'coef': 10.296620312674953, 'ci_low': 2.848816214755434, 'ci_high': 18.28375765644501, 'p': 0.006006176232344313}, 'London': {'coef': -29.604205360470136, 'ci_low': -33.69855894636598, 'ci_high': -25.257010644427858, 'p': 1.626027114119692e-30}, 'North East': {'coef': 32.03433263541564, 'ci_low': 21.18504109721677, 'ci_high': 43.854924969612966, 'p': 2.1227221573734875e-10}, 'North West': {'coef': -2.338733609548338, 'ci_low': -8.193055438314323, 'ci_high': 3.888905120661157, 'p': 0.45305938668064405}, 'South West': {'coef': 12.118033364341096, 'ci_low': 4.411576638295678, 'ci_high': 20.393291723141772, 'p': 0.0016430964580789683}, 'West Midlands': {'coef': -11.821423289710554, 'ci_low': -17.468978540438705, 'ci_high': -5.787408744695655, 'p': 0.00019509873349344962}, 'Yorkshire and The Humber': {'coef': 7.8247803025439655, 'ci_low': 0.5918422491421937, 'ci_high': 15.577794255885745, 'p': 0.03345919179329901}}",9412,852737,
aqrean_daqi_overall_daqipair1,daqi_pair1,-0.6931391629766637,-0.9139116404091485,-0.47187478514121306,9.049855345528443e-10,2.1940724241235277,1.3909318383574787,3.003574868773917,6.992012217597387e-08,"{'East Midlands': {'coef': 10.701140527358376, 'ci_low': 2.764684478310797, 'ci_high': 19.250524402129578, 'p': 0.0073959586902636034}, 'East of England': {'coef': 10.135940743901228, 'ci_low': 2.724396380094629, 'ci_high': 18.082226530314216, 'p': 0.00660389319348287}, 'London': {'coef': -29.590231404480694, 'ci_low': -33.673493161593306, 'ci_high': -25.255591618102656, 'p': 1.175870006015661e-30}, 'North East': {'coef': 32.937272475907385, 'ci_low': 22.043725556143755, 'ci_high': 44.80317060792976, 'p': 6.725505894418376e-11}, 'North West': {'coef': -2.545592882699743, 'ci_low': -8.370914397336138, 'ci_high': 3.6500735996474187, 'p': 0.4122412143239027}, 'South West': {'coef': 11.833384792518341, 'ci_low': 4.172768334943444, 'ci_high': 20.057344678976463, 'p': 0.002007480540877941}, 'West Midlands': {'coef': -11.67562811490569, 'ci_low': -17.317476785621878, 'ci_high': -5.648807443023884, 'p': 0.00022736338190919935}, 'Yorkshire and The Humber': {'coef': 8.064853428323282, 'ci_low': 0.8337491659168306, 'ci_high': 15.814522846605804, 'p': 0.028168556911032313}}",9396,843863,
aqrean_daqi_overall_daqipair2,daqi_pair2,-0.16413136401423056,-0.263608649177538,-0.06455485999881105,0.001239834997958514,2.2069614815191763,1.4036375932463319,3.0166493354720325,5.8886822823367845e-08,"{'East Midlands': {'coef': 10.68681709321677, 'ci_low': 2.7514459856482487, 'ci_high': 19.235027407190497, 'p': 0.00747113856280425}, 'East of England': {'coef': 10.131570287126701, 'ci_low': 2.720378225154252, 'ci_high': 18.077473851611824, 'p': 0.0066257560253084585}, 'London': {'coef': -29.592578936922454, 'ci_low': -33.67569344701041, 'ci_high': -25.258096188416935, 'p': 1.1606148782756227e-30}, 'North East': {'coef': 32.94754348295008, 'ci_low': 22.053263273507294, 'ci_high': 44.8142298214768, 'p': 6.64346612374412e-11}, 'North West': {'coef': -2.5527864214367813, 'ci_low': -8.3776362394954, 'ci_high': 3.6423755563432803, 'p': 0.4109008583307733}, 'South West': {'coef': 11.84321582440031, 'ci_low': 4.1819850052153384, 'ci_high': 20.06783058815007, 'p': 0.0019909696332896867}, 'West Midlands': {'coef': -11.67822852816065, 'ci_low': -17.319870758308408, 'ci_high': -5.651631323402895, 'p': 0.0002265596966378655}, 'Yorkshire and The Humber': {'coef': 8.05397263565768, 'ci_low': 0.8236467595905239, 'ci_high': 15.80280398097036, 'p': 0.028372493797809786}}",9396,843863,
aqrean_nitrogen_monoxide_high_vs_not,binary_simple,0.04376266161050246,-0.09341810815116647,0.1811317929719447,0.5319940599424935,2.1953372966266427,1.393125753570601,3.003895851425642,6.634808035304737e-08,"{'East Midlands': {'coef': 10.754210545748698, 'ci_low': 2.7897563861532193, 'ci_high': 19.335774155647776, 'p': 0.007305014554905454}, 'East of England': {'coef': 10.285792684806294, 'ci_low': 2.838644243678745, 'ci_high': 18.272232754212947, 'p': 0.006057306688204942}, 'London': {'coef': -29.618284234922854, 'ci_low': -33.711874532651834, 'ci_high': -25.271896299494568, 'p': 1.5102865236296892e-30}, 'North East': {'coef': 32.00559334530464, 'ci_low': 21.158502570543035, 'ci_high': 43.82380356921436, 'p': 2.1939043112098747e-10}, 'North West': {'coef': -2.3661461702378483, 'ci_low': -8.218930896495259, 'ci_high': 3.8598646405106907, 'p': 0.447726400463491}, 'South West': {'coef': 12.111024616023869, 'ci_low': 4.4049672191870615, 'ci_high': 20.385860703999725, 'p': 0.0016529916493946662}, 'West Midlands': {'coef': -11.8435707821829, 'ci_low': -17.48978477649751, 'ci_high': -5.810983629305566, 'p': 0.0001894643063042174}, 'Yorkshire and The Humber': {'coef': 7.799477610971062, 'ci_low': 0.5681278363780295, 'ci_high': 15.550797486306035, 'p': 0.03401685524053727}}",9412,852737,
aqrean_nitrogen_dioxide_high_vs_not,binary_simple,-0.6277666342874078,-0.8153477611095417,-0.4398307481517594,6.468504729081573e-11,2.2005733333064326,1.3984600066810238,3.009031783799676,6.146844194324701e-08,"{'East Midlands': {'coef': 10.757978480752817, 'ci_low': 2.79296297074747, 'ci_high': 19.34017118111391, 'p': 0.007287737482345336}, 'East of England': {'coef': 10.30237549424493, 'ci_low': 2.853815529719683, 'ci_high': 18.2903519622746, 'p': 0.005982000298702891}, 'London': {'coef': -29.618231247481607, 'ci_low': -33.71194914491329, 'ci_high': -25.27169966783157, 'p': 1.5170267997249599e-30}, 'North East': {'coef': 32.0304397622798, 'ci_low': 21.180936378549475, 'ci_high': 43.851314775833686, 'p': 2.136555231005621e-10}, 'North West': {'coef': -2.367004326777822, 'ci_low': -8.219911982964023, 'ci_high': 3.859149082076274, 'p': 0.44757369873254427}, 'South West': {'coef': 12.134902827068839, 'ci_low': 4.426900169862691, 'ci_high': 20.411851846436967, 'p': 0.0016208798194912403}, 'West Midlands': {'coef': -11.835658736834699, 'ci_low': -17.482574163808085, 'ci_high': -5.80230791738201, 'p': 0.00019157489444223796}, 'Yorkshire and The Humber': {'coef': 7.79934507156832, 'ci_low': 0.5677725351550755, 'ci_high': 15.55092158173097, 'p': 0.034025715478838696}}",9412,852737,
aqrean_daqi_nitrogen_dioxide_daqipair1,daqi_pair1,,,,,,,,,{},9396,843863,Singular matrix
aqrean_daqi_nitrogen_dioxide_daqipair2,daqi_pair2,,,,,,,,,{},9396,843863,Singular matrix
aqrean_nox_expressed_as_nitrogen_dioxide_high_vs_not,binary_simple,0.08335485225057226,-0.05907595657682618,0.22598864634650884,0.2515089834904355,2.197862524671179,1.3956717515892336,3.0063998214784338,6.401409332779822e-08,"{'East Midlands': {'coef': 10.755445273787846, 'ci_low': 2.7909329681034656, 'ci_high': 19.337068976710793, 'p': 0.007298388487275288}, 'East of England': {'coef': 10.286221025126107, 'ci_low': 2.839063662065233, 'ci_high': 18.27266910919585, 'p': 0.006055156619280367}, 'London': {'coef': -29.61705804804956, 'ci_low': -33.71069985127267, 'ci_high': -25.270616725514927, 'p': 1.519272183628989e-30}, 'North East': {'coef': 32.009665221817116, 'ci_low': 21.162284409760733, 'ci_high': 43.828187103513905, 'p': 2.1834893947442873e-10}, 'North West': {'coef': -2.3626129136389395, 'ci_low': -8.21557238690842, 'ci_high': 3.863581273694927, 'p': 0.4484099729343568}, 'South West': {'coef': 12.111944881052384, 'ci_low': 4.405849362396053, 'ci_high': 20.38681991259339, 'p': 0.0016516550346560687}, 'West Midlands': {'coef': -11.841818209278598, 'ci_low': -17.488117894770905, 'ci_high': -5.80914144299528, 'p': 0.00018989404556394877}, 'Yorkshire and The Humber': {'coef': 7.802597437294456, 'ci_low': 0.5710763921787487, 'ci_high': 15.554097968579983, 'p': 0.033947034224026215}}",9412,852737,
aqrean_ozone_high_vs_not,binary_simple,-0.5124405170385815,-0.6559113539486683,-0.36876248228385755,3.005251973403753e-12,2.2472409231771184,1.4446241149018935,3.056207932328392,3.255943558096852e-08,"{'East Midlands': {'coef': 10.819330888624856, 'ci_low': 2.850008849055019, 'ci_high': 19.406155002147663, 'p': 0.006976113744686561}, 'East of England': {'coef': 10.298418976396784, 'ci_low': 2.850261991375458, 'ci_high': 18.28595273498599, 'p': 0.005999426305953117}, 'London': {'coef': -29.584249016008467, 'ci_low': -33.679907237630445, 'ci_high': -25.235659660402053, 'p': 1.818744631017004e-30}, 'North East': {'coef': 32.11668476501674, 'ci_low': 21.26021948004557, 'ci_high': 43.94513277432386, 'p': 1.9377790783331358e-10}, 'North West': {'coef': -2.277177243041628, 'ci_low': -8.135426122180434, 'ci_high': 3.954655036980048, 'p': 0.46519717729387244}, 'South West': {'coef': 12.130870663226311, 'ci_low': 4.423273907793823, 'ci_high': 20.407373616685163, 'p': 0.0016260784257706655}, 'West Midlands': {'coef': -11.773540383358327, 'ci_low': -17.424376896129466, 'ci_high': -5.736004356931668, 'p': 0.00020803097399861334}, 'Yorkshire and The Humber': {'coef': 7.895350279889546, 'ci_low': 0.6573961959976282, 'ci_high': 15.653762683789264, 'p': 0.031959964795285935}}",9412,852737,
aqrean_daqi_ozone_daqipair1,daqi_pair1,1.0552506191554345,-0.4093324293366507,2.541371865535491,0.1587489380224616,2.18928266399554,1.3861653834989385,2.998761733241051,7.463630752900178e-08,"{'East Midlands': {'coef': 10.682109766850445, 'ci_low': 2.7469846086259686, 'ci_high': 19.230062751765242, 'p': 0.007496862606648325}, 'East of England': {'coef': 10.121793596581874, 'ci_low': 2.711166418891353, 'ci_high': 18.06709871710439, 'p': 0.006676607780871393}, 'London': {'coef': -29.61270608837443, 'ci_low': -33.69469206971524, 'ci_high': -25.279418814995537, 'p': 1.0423089349198774e-30}, 'North East': {'coef': 32.95463096800748, 'ci_low': 22.05964131266567, 'ci_high': 44.8221025863754, 'p': 6.593029905009159e-11}, 'North West': {'coef': -2.55015524905573, 'ci_low': -8.375232889208306, 'ci_high': 3.6452538045756544, 'p': 0.4113954114038506}, 'South West': {'coef': 11.85277439701271, 'ci_low': 4.190801878361139, 'ci_high': 20.07819226610039, 'p': 0.001975439255803765}, 'West Midlands': {'coef': -11.682907551008526, 'ci_low': -17.324316187322562, 'ci_high': -5.656555120652385, 'p': 0.00022520268088919968}, 'Yorkshire and The Humber': {'coef': 8.05848110792442, 'ci_low': 0.8277655685023477, 'ci_high': 15.807736822438612, 'p': 0.02828935397118026}}",9396,843863,
aqrean_daqi_ozone_daqipair2,daqi_pair2,-0.31076262729089477,-0.44826465811850236,-0.1730706770367907,9.884151169534512e-06,2.2270322134854137,1.4234523810366495,3.03697882336047,4.494034630240632e-08,"{'East Midlands': {'coef': 10.689324918614718, 'ci_low': 2.753626448098645, 'ci_high': 19.237900154572873, 'p': 0.007458995791436248}, 'East of England': {'coef': 10.13938066800013, 'ci_low': 2.7275234697626605, 'ci_high': 18.08600815244268, 'p': 0.00658700031325621}, 'London': {'coef': -29.59179581679151, 'ci_low': -33.67502749534157, 'ci_high': -25.2571839972313, 'p': 1.1683570956430244e-30}, 'North East': {'coef': 32.96850182752051, 'ci_low': 22.072293968013646, 'ci_high': 44.837308315743996, 'p': 6.49079321066274e-11}, 'North West': {'coef': -2.543735267041014, 'ci_low': -8.36923388603984, 'ci_high': 3.65212404628783, 'p': 0.41259231663563134}, 'South West': {'coef': 11.86446177240217, 'ci_low': 4.201632277799172, 'ci_high': 20.090804089019443, 'p': 0.0019564655150317136}, 'West Midlands': {'coef': -11.666279363235166, 'ci_low': -17.30879180559013, 'ci_high': -5.638744772125537, 'p': 0.0002302267576444767}, 'Yorkshire and The Humber': {'coef': 8.05662665097393, 'ci_low': 0.825987677814477, 'ci_high': 15.805803960968113, 'p': 0.028325420426410435}}",9396,843863,
aqrean_pm2p5_high_vs_not,binary_simple,-0.4173554216144404,-0.5720066960537284,-0.26246360106845223,1.333530588965193e-07,2.1847433795235682,1.382750960614576,2.9930799924290374,7.619173063977073e-08,"{'East Midlands': {'coef': 10.744910437031653, 'ci_low': 2.780988054486566, 'ci_high': 19.325912504406983, 'p': 0.007354376936224071}, 'East of England': {'coef': 10.2743046323871, 'ci_low': 2.827778137788828, 'ci_high': 18.260089660418345, 'p': 0.006112511613657849}, 'London': {'coef': -29.646145328183437, 'ci_low': -33.738179736487204, 'ci_high': -25.30140513044994, 'p': 1.302773645088349e-30}, 'North East': {'coef': 31.96402207281075, 'ci_low': 21.120179164979902, 'ci_high': 43.77871005220928, 'p': 2.300448947942264e-10}, 'North West': {'coef': -2.384402254390705, 'ci_low': -8.236149595703136, 'ci_high': 3.840508885037086, 'p': 0.4441928318450101}, 'South West': {'coef': 12.097079065789895, 'ci_low': 4.391838251756353, 'ci_high': 20.371049552530884, 'p': 0.0016727917702823324}, 'West Midlands': {'coef': -11.849605406696096, 'ci_low': -17.49551628705128, 'ci_high': -5.817336013028851, 'p': 0.0001879874245553519}, 'Yorkshire and The Humber': {'coef': 7.777035366436502, 'ci_low': 0.5471002101143041, 'ci_high': 15.526845907084951, 'p': 0.03451805047478767}}",9412,852737,
aqrean_daqi_pm2p5_daqipair1,daqi_pair1,-0.7408086639707046,-0.964727583346725,-0.5163834635371289,1.09703281325254e-10,2.194532579223396,1.3913902166556635,3.00403680006307,6.948134189932362e-08,"{'East Midlands': {'coef': 10.703668629247698, 'ci_low': 2.7670460369277894, 'ci_high': 19.253230686133804, 'p': 0.0073825683793645866}, 'East of England': {'coef': 10.136084759854569, 'ci_low': 2.7245447115134436, 'ci_high': 18.08236483593133, 'p': 0.0066030533342675375}, 'London': {'coef': -29.586882550110673, 'ci_low': -33.67033217867619, 'ci_high': -25.252043740553777, 'p': 1.1970816479192437e-30}, 'North East': {'coef': 32.93949633348221, 'ci_low': 22.045783214693813, 'ci_high': 44.80557394032263, 'p': 6.707866793114831e-11}, 'North West': {'coef': -2.542766705298749, 'ci_low': -8.368246629939847, 'ci_high': 3.6530675463554374, 'p': 0.41276625920242005}, 'South West': {'coef': 11.8322033669092, 'ci_low': 4.171681879142075, 'ci_high': 20.05606019117041, 'p': 0.002009413479020229}, 'West Midlands': {'coef': -11.672866606792454, 'ci_low': -17.314881489816603, 'ci_high': -5.645869123346115, 'p': 0.00022818766311700125}, 'Yorkshire and The Humber': {'coef': 8.068061151054318, 'ci_low': 0.8367549440064348, 'ci_high': 15.817946020110174, 'p': 0.02810806134629783}}",9396,843863,
aqrean_daqi_pm2p5_daqipair2,daqi_pair2,-0.4945466489438388,-0.6149184441896827,-0.3740290635163568,9.932201439249906e-16,2.193532719717184,1.390411267938485,3.0030157599167273,7.039316229122678e-08,"{'East Midlands': {'coef': 10.69306242338306, 'ci_low': 2.7573907234126116, 'ci_high': 19.241584302658076, 'p': 0.007436932945668179}, 'East of England': {'coef': 10.141322988844003, 'ci_low': 2.7296196431868536, 'ci_high': 18.087763508403178, 'p': 0.006574985504191835}, 'London': {'coef': -29.58066688840163, 'ci_low': -33.664368322279316, 'ci_high': -25.245567872571684, 'p': 1.233432221805732e-30}, 'North East': {'coef': 32.92145631305456, 'ci_low': 22.02953813168329, 'ci_high': 44.785547981976606, 'p': 6.839521502231792e-11}, 'North West': {'coef': -2.5625408041760167, 'ci_low': -8.386699597614356, 'ci_high': 3.6318789175576294, 'p': 0.4090830312742588}, 'South West': {'coef': 11.813813212226453, 'ci_low': 4.15472948608504, 'ci_high': 20.03611249097399, 'p': 0.002039842389003367}, 'West Midlands': {'coef': -11.689082330634493, 'ci_low': -17.329926713073164, 'ci_high': -5.6633450349350305, 'p': 0.00022327142381139097}, 'Yorkshire and The Humber': {'coef': 8.053270572934679, 'ci_low': 0.8231296591769022, 'ci_high': 15.801893087189312, 'p': 0.02838264237516433}}",9396,843863,
aqrean_pm10_high_vs_not,binary_simple,0.06708189099999817,-0.08182924979220907,0.21621495867181206,0.37746940656833494,2.189942070731954,1.3879032449950923,2.9983255022590694,7.103276336019916e-08,"{'East Midlands': {'coef': 10.748789230888555, 'ci_low': 2.7847224544825355, 'ci_high': 19.329935648163787, 'p': 0.007333159891312055}, 'East of England': {'coef': 10.286613306187121, 'ci_low': 2.8393950251408784, 'ci_high': 18.273129393409594, 'p': 0.006053559581467584}, 'London': {'coef': -29.620261509678148, 'ci_low': -33.71373155807177, 'ci_high': -25.274001593473884, 'p': 1.494045985617076e-30}, 'North East': {'coef': 31.99755773170987, 'ci_low': 21.151148782411266, 'ci_high': 43.815022987760614, 'p': 2.2136391399863112e-10}, 'North West': {'coef': -2.373287619804476, 'ci_low': -8.225605758733057, 'ci_high': 3.852224239250357, 'p': 0.4463374326968289}, 'South West': {'coef': 12.108339740579744, 'ci_low': 4.40245394445975, 'ci_high': 20.382992588233172, 'p': 0.0016567522186683638}, 'West Midlands': {'coef': -11.85001181894496, 'ci_low': -17.49580465611085, 'ci_high': -5.817875273712669, 'p': 0.00018783850900627475}, 'Yorkshire and The Humber': {'coef': 7.79199789837457, 'ci_low': 0.561174454474278, 'ci_high': 15.542751702679801, 'p': 0.034181782004600265}}",9412,852737,
aqrean_daqi_pm10_daqipair1,daqi_pair1,-1.3029876278886077,-1.840626110659327,-0.7624043918385781,2.524979858557327e-06,2.2082539694372016,1.4049562926016224,3.0179151139098748,5.778074084310721e-08,"{'East Midlands': {'coef': 10.695251398534067, 'ci_low': 2.759064025578817, 'ci_high': 19.244358620613067, 'p': 0.00742816251659427}, 'East of England': {'coef': 10.133917178239482, 'ci_low': 2.722375955722023, 'ci_high': 18.08020988778205, 'p': 0.006615220453121186}, 'London': {'coef': -29.600642985741043, 'ci_low': -33.68337551246307, 'ci_high': -25.266560137533833, 'p': 1.1143308784747951e-30}, 'North East': {'coef': 32.97863804036043, 'ci_low': 22.081512656399994, 'ci_high': 44.84845240113564, 'p': 6.417805775106243e-11}, 'North West': {'coef': -2.5291065629026277, 'ci_low': -8.355530644112207, 'ci_high': 3.667740499777561, 'p': 0.41532416120310056}, 'South West': {'coef': 11.859880712755677, 'ci_low': 4.197308488039075, 'ci_high': 20.085951303706363, 'p': 0.0019641003327241936}, 'West Midlands': {'coef': -11.661577891213993, 'ci_low': -17.30443820796236, 'ci_high': -5.633668221582456, 'p': 0.00023168797923957236}, 'Yorkshire and The Humber': {'coef': 8.079245289293159, 'ci_low': 0.847041992421893, 'ci_high': 15.830103010666075, 'p': 0.027902345710133357}}",9396,843863,
aqrean_daqi_pm10_daqipair2,daqi_pair2,-0.615232377766739,-0.7751605726033617,-0.45504641453610883,5.887901626295632e-14,2.2036287299128654,1.4004157587873767,3.0132041116079478,6.141807098219309e-08,"{'East Midlands': {'coef': 10.701166148067554, 'ci_low': 2.7647653215645773, 'ci_high': 19.25048578854167, 'p': 0.0073953825517927224}, 'East of England': {'coef': 10.135455442393093, 'ci_low': 2.723997462636918, 'ci_high': 18.081644456206526, 'p': 0.006605959662534722}, 'London': {'coef': -29.57703700569828, 'ci_low': -33.66104492421, 'ci_high': -25.241606364905035, 'p': 1.2619151274414654e-30}, 'North East': {'coef': 32.93781250476413, 'ci_low': 22.044304637425082, 'ci_high': 44.80365999916178, 'p': 6.718990712264964e-11}, 'North West': {'coef': -2.54317127922844, 'ci_low': -8.368591386907354, 'ci_high': 3.652596943191777, 'p': 0.41268800127622896}, 'South West': {'coef': 11.816415188829787, 'ci_low': 4.157018513645938, 'ci_high': 20.039061064739695, 'p': 0.0020358240586577235}, 'West Midlands': {'coef': -11.662056887086258, 'ci_low': -17.30473132198246, 'ci_high': -5.634357102043341, 'p': 0.00023144655325794036}, 'Yorkshire and The Humber': {'coef': 8.081436753122674, 'ci_low': 0.8492732761045119, 'ci_high': 15.8322374682607, 'p': 0.02785736860510915}}",9396,843863,
aqrean_sulfur_dioxide_high_vs_not,binary_simple,-0.6624888640586968,-0.7884974502334607,-0.5363202343065199,1.0262370844700835e-24,2.1386920115202157,1.3370165892733432,2.9467094744572764,1.4133646404814845e-07,"{'East Midlands': {'coef': 10.690860687217674, 'ci_low': 2.7303094395576544, 'ci_high': 19.268273467879403, 'p': 0.0076450565249563665}, 'East of England': {'coef': 10.258049538952974, 'ci_low': 2.812153505096071, 'ci_high': 18.243194736035107, 'p': 0.006193193650969748}, 'London': {'coef': -29.672997351196628, 'ci_low': -33.76377847856721, 'ci_high': -25.329567599739956, 'p': 1.1389722306576568e-30}, 'North East': {'coef': 31.853551541684787, 'ci_low': 21.0180674177741, 'ci_high': 43.65920250683424, 'p': 2.6117117765126896e-10}, 'North West': {'coef': -2.452759371634483, 'ci_low': -8.30080195593933, 'ci_high': 3.7682374238010796, 'p': 0.431113667454623}, 'South West': {'coef': 12.075461437274537, 'ci_low': 4.371214422754233, 'ci_high': 20.348403780186118, 'p': 0.0017045875114878547}, 'West Midlands': {'coef': -11.901892116289748, 'ci_low': -17.544820418986127, 'ci_high': -5.872782618049599, 'p': 0.00017546293894687404}, 'Yorkshire and The Humber': {'coef': 7.707599833658185, 'ci_low': 0.48184245364357725, 'ci_high': 15.452969199678357, 'p': 0.036114783902778995}}",9412,852737,
aqrean_daqi_sulfur_dioxide_daqipair1,daqi_pair1,,,,,,,,,{},9396,843863,Singular matrix
aqrean_daqi_sulfur_dioxide_daqipair2,daqi_pair2,8.078635590808215,-7.7905325141860216,26.678873543736547,0.33761648563366686,2.188340689837265,1.3852303323864223,2.997812785029663,7.559280282861491e-08,"{'East Midlands': {'coef': 10.680001284870212, 'ci_low': 2.745020219455818, 'ci_high': 19.227799636942365, 'p': 0.007508145051378761}, 'East of England': {'coef': 10.12264058277994, 'ci_low': 2.7119499086326826, 'ci_high': 18.068014283748756, 'p': 0.006672299485419723}, 'London': {'coef': -29.615543857137126, 'ci_low': -33.6973660747302, 'ci_high': -25.28243037659341, 'p': 1.0264579341982792e-30}, 'North East': {'coef': 32.94740148404402, 'ci_low': 22.05299868663304, 'ci_high': 44.81423440270886, 'p': 6.648277527196485e-11}, 'North West': {'coef': -2.5542468896037285, 'ci_low': -8.3790830229165, 'ci_high': 3.6409055109914545, 'p': 0.4106358364817022}, 'South West': {'coef': 11.849434044535357, 'ci_low': 4.187683718140112, 'ci_high': 20.074613904721073, 'p': 0.001980956987699483}, 'West Midlands': {'coef': -11.686500490185537, 'ci_low': -17.327683193171683, 'ci_high': -5.660389149444778, 'p': 0.0002241380667320295}, 'Yorkshire and The Humber': {'coef': 8.054034423058276, 'ci_low': 0.8236127489117617, 'ci_high': 15.8029754813114, 'p': 0.028373402934156}}",9396,843863,
hydro_rain_values,continuous,-0.10271430639015033,-0.1453424060356978,-0.06006800874639451,2.3678885728078702e-06,3.613030575955656,3.1846271728351416,4.043212630420223,2.8863154468519124e-63,"{'East Midlands': {'coef': 12.055010487434515, 'ci_low': 3.2403559904968127, 'ci_high': 21.62225957933408, 'p': 0.00647233061761774}, 'East of England': {'coef': 15.366059217651307, 'ci_low': 6.736567151640349, 'ci_high': 24.693232830901344, 'p': 0.00031398923988590853}, 'London': {'coef': -24.703685909604754, 'ci_low': -29.545145400698793, 'ci_high': -19.529534936323813, 'p': 5.868688168288202e-17}, 'North East': {'coef': 45.66684621976522, 'ci_low': 32.268543094166155, 'ci_high': 60.422346774518985, 'p': 2.1587971059385252e-14}, 'North West': {'coef': 1.5094910829688946, 'ci_low': -5.1876964919791995, 'ci_high': 8.679743015120822, 'p': 0.6670297306832085}, 'South West': {'coef': 16.458914970829674, 'ci_low': 7.44616484015872, 'ci_high': 26.227668492024137, 'p': 0.00020928979646306473}, 'West Midlands': {'coef': -8.098689139461202, 'ci_low': -14.563509833714683, 'ci_high': -1.1446874579327915, 'p': 0.02324902954466474}, 'Yorkshire and The Humber': {'coef': 10.140069518316984, 'ci_low': 1.9871031955950746, 'ci_high': 18.944793345435905, 'p': 0.013839150410288215}}",9950,1300472,
met_rain_values,continuous,-0.10556934978971366,-0.15046314506960146,-0.0606553696104406,4.11563227561763e-06,2.037141943869236,1.6132644292738307,2.4627876542645755,2.2011021943933704e-21,"{'East Midlands': {'coef': 13.067634413099839, 'ci_low': 3.7772586634317262, 'ci_high': 23.189705687217497, 'p': 0.004992445216503251}, 'East of England': {'coef': 13.17829287636716, 'ci_low': 4.035825030361906, 'ci_high': 23.12418318084619, 'p': 0.003968906340148098}, 'London': {'coef': -25.132678696623678, 'ci_low': -30.199015494739957, 'ci_high': -19.698614011374048, 'p': 5.656243037065503e-16}, 'North East': {'coef': 43.51935094118395, 'ci_low': 30.03713443095224, 'ci_high': 58.39940017684597, 'p': 7.060238427472783e-13}, 'North West': {'coef': 13.052263008400743, 'ci_low': 0.3476767604698061, 'ci_high': 27.365322087410714, 'p': 0.043692626570931425}, 'South West': {'coef': 16.430547355306867, 'ci_low': 7.116569045636756, 'ci_high': 26.554392828627883, 'p': 0.0003488606842727392}, 'West Midlands': {'coef': -9.107711799300588, 'ci_low': -15.97987789577232, 'ci_high': -1.6734581257730752, 'p': 0.01728041051016976}, 'Yorkshire and The Humber': {'coef': 8.777582768906655, 'ci_low': 0.43211063807528927, 'ci_high': 17.816527382233872, 'p': 0.038844068512408216}}",8355,1146799,
met_tmax_values,continuous,0.634027063639997,0.49001492072253683,0.7782455902197727,5.148651932275338e-18,2.028844838036603,1.6050336519097375,2.4544238098236137,3.154732296805843e-21,"{'East Midlands': {'coef': 13.187653884271056, 'ci_low': 3.8864213274876214, 'ci_high': 23.32165097341481, 'p': 0.004633651367006613}, 'East of England': {'coef': 13.215126379650965, 'ci_low': 4.068752128925945, 'ci_high': 23.165355391992538, 'p': 0.0038783850288785643}, 'London': {'coef': -25.189330336245742, 'ci_low': -30.25236584615334, 'ci_high': -19.758765104569488, 'p': 4.786718378809864e-16}, 'North East': {'coef': 43.81880567083658, 'ci_low': 30.30690112045884, 'ci_high': 58.73179921196352, 'p': 5.244816590706058e-13}, 'North West': {'coef': 13.224641654703074, 'ci_low': 0.4993303041001429, 'ci_high': 27.56124283658934, 'p': 0.04116669211046559}, 'South West': {'coef': 16.416989123278135, 'ci_low': 7.103158107478458, 'ci_high': 26.540763092429565, 'p': 0.00035303524836195494}, 'West Midlands': {'coef': -9.028224991358458, 'ci_low': -15.907142671162767, 'ci_high': -1.5866018696343187, 'p': 0.018342545814240382}, 'Yorkshire and The Humber': {'coef': 8.937504059209388, 'ci_low': 0.5788055314052798, 'ci_high': 17.99086028064558, 'p': 0.035583416124788096}}",8355,1146799,
met_tmin_values,continuous,0.5861485743344552,0.4509837087309565,0.7214953151194692,1.6148610113561016e-17,2.0241662076482925,1.6003731401425414,2.4497269907491015,3.878301108032209e-21,"{'East Midlands': {'coef': 13.264988038659208, 'ci_low': 3.956598340727613, 'ci_high': 23.406861326392093, 'p': 0.004415944229099295}, 'East of England': {'coef': 13.311201122743533, 'ci_low': 4.156295988575498, 'ci_high': 23.270784334411655, 'p': 0.003644833078627312}, 'London': {'coef': -25.126126985562657, 'ci_low': -30.193834348180815, 'ci_high': -19.69052005886831, 'p': 5.84430814885832e-16}, 'North East': {'coef': 43.908086029434216, 'ci_low': 30.386622070568148, 'ci_high': 58.83176430053212, 'p': 4.813241269366912e-13}, 'North West': {'coef': 13.339645674235424, 'ci_low': 0.6002937888139881, 'ci_high': 27.692224324195735, 'p': 0.03955700969090242}, 'South West': {'coef': 16.486051605832543, 'ci_low': 7.165922997322105, 'ci_high': 26.61674382308774, 'p': 0.0003350942587669103}, 'West Midlands': {'coef': -8.92505274631218, 'ci_low': -15.812426229740895, 'ci_high': -1.4742242139271222, 'p': 0.019798476060704027}, 'Yorkshire and The Humber': {'coef': 8.924092835196484, 'ci_low': 0.5657719179540166, 'ci_high': 17.977098705611816, 'p': 0.035864251257920705}}",8355,1146799,
aqrean_carbon_monoxide_values,continuous,0.34540538622191974,0.2862308528736257,0.4046148358829438,2.174346076850578e-30,2.2314797056969704,1.4291149876164866,3.040191606644016,4.027834138205763e-08,"{'East Midlands': {'coef': 10.762841408739533, 'ci_low': 2.7963346048925253, 'ci_high': 19.346736282887612, 'p': 0.007271329327329895}, 'East of England': {'coef': 10.346419090669624, 'ci_low': 2.893809777971734, 'ci_high': 18.33882166875014, 'p': 0.005788187625840334}, 'London': {'coef': -29.808053757518806, 'ci_low': -33.891454856425405, 'ci_high': -25.47242861558814, 'p': 5.5722993647393e-31}, 'North East': {'coef': 31.999349903575492, 'ci_low': 21.15087850464199, 'ci_high': 43.81924910514741, 'p': 2.2260316798473343e-10}, 'North West': {'coef': -2.4270111553032936, 'ci_low': -8.277152424896062, 'ci_high': 3.7962558270097313, 'p': 0.4360715654871202}, 'South West': {'coef': 12.313298097015867, 'ci_low': 4.59185258424557, 'ci_high': 20.60477578087383, 'p': 0.0013965357778963788}, 'West Midlands': {'coef': -11.88315219028232, 'ci_low': -17.527830984045746, 'ci_high': -5.852132172989299, 'p': 0.00018019467968584152}, 'Yorkshire and The Humber': {'coef': 7.753437858115886, 'ci_low': 0.5239000218542733, 'ci_high': 15.502913911205285, 'p': 0.03508042996418295}}",9412,852737,
aqrean_daqi_overall_values,continuous,-0.18109586522701004,-0.23376540036060822,-0.1283985242937602,1.6833435312820263e-11,2.21318127082486,1.4098674092041241,3.0228585483217607,5.398361356040499e-08,"{'East Midlands': {'coef': 10.695515870488492, 'ci_low': 2.7594921797757355, 'ci_high': 19.244431574226883, 'p': 0.007425349421406346}, 'East of England': {'coef': 10.14007567857853, 'ci_low': 2.728287076222613, 'ci_high': 18.086620693695956, 'p': 0.006582596648504218}, 'London': {'coef': -29.569451391242552, 'ci_low': -33.65391897898561, 'ci_high': -25.23353149134199, 'p': 1.3155324456048582e-30}, 'North East': {'coef': 32.90937401497762, 'ci_low': 22.01816921137796, 'ci_high': 44.77271553264699, 'p': 6.943256045999238e-11}, 'North West': {'coef': -2.556824084610365, 'ci_low': -8.381449661403305, 'ci_high': 3.6381005526288313, 'p': 0.4101529717229758}, 'South West': {'coef': 11.823201752658852, 'ci_low': 4.163308083486927, 'ci_high': 20.046383705417114, 'p': 0.0020244705318461574}, 'West Midlands': {'coef': -11.669278029052865, 'ci_low': -17.311511947822478, 'ci_high': -5.642047306689202, 'p': 0.00022926482182060443}, 'Yorkshire and The Humber': {'coef': 8.054163262034454, 'ci_low': 0.8238104076697894, 'ci_high': 15.803024613422178, 'p': 0.02836921212483868}}",9396,843863,
aqrean_nitrogen_monoxide_values,continuous,0.10891237605294979,0.04103856815587115,0.1768322335898853,0.0016571083653661891,2.1976919598706512,1.3955783937088073,3.0061508340154752,6.397897303031306e-08,"{'East Midlands': {'coef': 10.766321544983516, 'ci_low': 2.8005935239105995, 'ci_high': 19.34929136136716, 'p': 0.007245592921968207}, 'East of England': {'coef': 10.308984457932734, 'ci_low': 2.859869410728111, 'ci_high': 18.297564656166454, 'p': 0.005952176135192214}, 'London': {'coef': -29.694622755395994, 'ci_low': -33.78419495497676, 'ci_high': -25.35247338388156, 'p': 1.0151822669574279e-30}, 'North East': {'coef': 32.03167943642753, 'ci_low': 21.18190857937936, 'ci_high': 43.852862025065534, 'p': 2.1349806545427252e-10}, 'North West': {'coef': -2.3881232551026366, 'ci_low': -8.239844250451833, 'ci_high': 3.8367732032533297, 'p': 0.4434893716256305}, 'South West': {'coef': 12.17128398741032, 'ci_low': 4.4605992061133914, 'ci_high': 20.451127477812612, 'p': 0.001572427208957905}, 'West Midlands': {'coef': -11.851485946687134, 'ci_low': -17.497460626887484, 'ci_high': -5.819134915750457, 'p': 0.00018761007700679601}, 'Yorkshire and The Humber': {'coef': 7.795418204312754, 'ci_low': 0.5640086196537109, 'ci_high': 15.546827789955042, 'p': 0.03411514125887447}}",9412,852737,
aqrean_nitrogen_dioxide_values,continuous,0.31253161825210984,0.2292251739564488,0.3959073034667693,1.8198995075995397e-13,2.182195509442164,1.3802054329782765,2.9905299021362186,7.89109640825318e-08,"{'East Midlands': {'coef': 10.87069352943062, 'ci_low': 2.89634509020964, 'ci_high': 19.463044804168828, 'p': 0.0067347854145508815}, 'East of England': {'coef': 10.401436688258702, 'ci_low': 2.945036810074275, 'ci_high': 18.39791019083712, 'p': 0.005545893359058511}, 'London': {'coef': -29.805617743049318, 'ci_low': -33.88933103707769, 'ci_high': -25.469649941096108, 'p': 5.679388326443504e-31}, 'North East': {'coef': 32.16150223800081, 'ci_low': 21.29956862873461, 'ci_high': 43.99608235430623, 'p': 1.855457448732596e-10}, 'North West': {'coef': -2.4182996762389997, 'ci_low': -8.268978060533072, 'ci_high': 3.8055396827473054, 'p': 0.4377419080528442}, 'South West': {'coef': 12.483329722854354, 'ci_low': 4.749673117374864, 'ci_high': 20.787961327219605, 'p': 0.0012089212617221398}, 'West Midlands': {'coef': -11.81288902088211, 'ci_low': -17.46208831150825, 'ci_high': -5.777037681853592, 'p': 0.00019791238813317974}, 'Yorkshire and The Humber': {'coef': 7.830063620763283, 'ci_low': 0.5953588595819737, 'ci_high': 15.58508018931657, 'p': 0.0333800184938658}}",9412,852737,
aqrean_daqi_nitrogen_dioxide_values,continuous,-0.05916818663916912,-0.1183819756412463,8.070664814230355e-05,0.05031279689290971,2.200739405292107,1.3974497142939635,3.010392908491477,6.411490799832892e-08,"{'East Midlands': {'coef': 10.671797236417667, 'ci_low': 2.7376159434419733, 'ci_high': 19.218716446384377, 'p': 0.0075503111192744415}, 'East of England': {'coef': 10.1091240752329, 'ci_low': 2.699533516947472, 'ci_high': 18.053303548981823, 'p': 0.006740688797573229}, 'London': {'coef': -29.575803742495633, 'ci_low': -33.659991003210486, 'ci_high': -25.240175672036635, 'p': 1.2749606577095732e-30}, 'North East': {'coef': 32.943251489961334, 'ci_low': 22.049476582622063, 'ci_high': 44.80937249049699, 'p': 6.672085303522075e-11}, 'North West': {'coef': -2.5304838504419225, 'ci_low': -8.356626367436991, 'ci_high': 3.6660502757100977, 'p': 0.41505046548305824}, 'South West': {'coef': 11.822142636576661, 'ci_low': 4.162427885374509, 'ci_high': 20.045124117067715, 'p': 0.0020259500575835385}, 'West Midlands': {'coef': -11.679768865067741, 'ci_low': -17.321231361268964, 'ci_high': -5.653369587392287, 'p': 0.00022605039627636528}, 'Yorkshire and The Humber': {'coef': 8.058975801003365, 'ci_low': 0.8284208300746387, 'ci_high': 15.808044547683187, 'p': 0.028275647367790327}}",9396,843863,
aqrean_nox_expressed_as_nitrogen_dioxide_values,continuous,0.13970817224062682,0.0669338913671158,0.21253537864855954,0.00016728859478435575,2.197700903053623,1.3955892058145958,3.006157878029936,6.39665151389391e-08,"{'East Midlands': {'coef': 10.776381800131606, 'ci_low': 2.809770232510189, 'ci_high': 19.360316991041216, 'p': 0.007195254777029178}, 'East of England': {'coef': 10.31952507834153, 'ci_low': 2.8695461044459414, 'ci_high': 18.309043583743723, 'p': 0.0059047447070035355}, 'London': {'coef': -29.718575944952708, 'ci_low': -33.8068903288287, 'ci_high': -25.37775318695078, 'p': 8.960294736669955e-31}, 'North East': {'coef': 32.044415397283224, 'ci_low': 21.193379872664963, 'ci_high': 43.86699715718465, 'p': 2.1064158322814148e-10}, 'North West': {'coef': -2.396148867471626, 'ci_low': -8.247505547978484, 'ci_high': 3.8283679675029214, 'p': 0.4419496194459621}, 'South West': {'coef': 12.204620239394682, 'ci_low': 4.491436725703157, 'ci_high': 20.48716332723064, 'p': 0.0015293114562378086}, 'West Midlands': {'coef': -11.852452508609835, 'ci_low': -17.498474429865894, 'ci_high': -5.820043022820731, 'p': 0.0001874237732327502}, 'Yorkshire and The Humber': {'coef': 7.796688447252809, 'ci_low': 0.5650521983645129, 'ci_high': 15.54835189935957, 'p': 0.03409065284661407}}",9412,852737,
aqrean_ozone_values,continuous,-0.12894400236477255,-0.19830668751643632,-0.05953310979365245,0.0002727188957061309,2.2191802740320954,1.416775382307911,3.027933756586876,4.794573963750631e-08,"{'East Midlands': {'coef': 10.743576128391673, 'ci_low': 2.779761595100272, 'ci_high': 19.324460996702108, 'p': 0.007361241313029427}, 'East of England': {'coef': 10.296798513834426, 'ci_low': 2.8487818003346765, 'ci_high': 18.284179447245563, 'p': 0.006006750386244532}, 'London': {'coef': -29.60945856055823, 'ci_low': -33.703619032119406, 'ci_high': -25.26246151297016, 'p': 1.5867069176869305e-30}, 'North East': {'coef': 31.981531337989377, 'ci_low': 21.136283172189273, 'ci_high': 43.79774711727158, 'p': 2.2553013027572787e-10}, 'North West': {'coef': -2.3805428831711994, 'ci_low': -8.232511822993981, 'ci_high': 3.8446033240362443, 'p': 0.44493873840578513}, 'South West': {'coef': 12.120956946519023, 'ci_low': 4.414081013464921, 'ci_high': 20.396682751841098, 'p': 0.0016395852052520415}, 'West Midlands': {'coef': -11.838535105618975, 'ci_low': -17.485149457614447, 'ci_high': -5.805514507589249, 'p': 0.00019078126446299147}, 'Yorkshire and The Humber': {'coef': 7.770116047302267, 'ci_low': 0.5406470274649022, 'ci_high': 15.519426781451573, 'p': 0.034673084958992045}}",9412,852737,
aqrean_daqi_ozone_values,continuous,-0.1331988894556546,-0.18998844515005775,-0.07637702183597161,4.375661875202877e-06,2.2373428706945697,1.4335965784695315,3.0474579413525715,3.913513838725739e-08,"{'East Midlands': {'coef': 10.692910437727821, 'ci_low': 2.7569394805882386, 'ci_high': 19.24178048811511, 'p': 0.007440146605168967}, 'East of England': {'coef': 10.140440343609459, 'ci_low': 2.7284964567837244, 'ci_high': 18.087161960824382, 'p': 0.006581731341428152}, 'London': {'coef': -29.5884042087339, 'ci_low': -33.67184262946207, 'ci_high': -25.253572262285907, 'p': 1.1903658428232711e-30}, 'North East': {'coef': 32.9773460619539, 'ci_low': 22.080419474727897, 'ci_high': 44.8469348464291, 'p': 6.42486448820763e-11}, 'North West': {'coef': -2.5360746997233785, 'ci_low': -8.36204279991093, 'ci_high': 3.660284724555929, 'p': 0.41402036745214876}, 'South West': {'coef': 11.869605515098947, 'ci_low': 4.206405307102101, 'ci_high': 20.096347256409164, 'p': 0.001948151044172973}, 'West Midlands': {'coef': -11.657790811915925, 'ci_low': -17.300861719275506, 'ci_high': -5.629658464648813, 'p': 0.00023282838625806712}, 'Yorkshire and The Humber': {'coef': 8.058739742059128, 'ci_low': 0.827952684270028, 'ci_high': 15.808076270338912, 'p': 0.028285702892378296}}",9396,843863,
aqrean_pm2p5_values,continuous,0.004897350210053553,-0.0493217006661828,0.0591458126473654,0.8595157672430782,2.1903202629149243,1.3882711349982424,2.998714136593539,7.068934771472054e-08,"{'East Midlands': {'coef': 10.74835782379746, 'ci_low': 2.784302986677467, 'ci_high': 19.329492969929984, 'p': 0.007335548548355612}, 'East of England': {'coef': 10.283242130836179, 'ci_low': 2.8362304281985384, 'ci_high': 18.269538315881427, 'p': 0.006069533425759581}, 'London': {'coef': -29.62337977207554, 'ci_low': -33.71669042930115, 'ci_high': -25.277287649273227, 'p': 1.4702730653910665e-30}, 'North East': {'coef': 31.99624927007938, 'ci_low': 21.1499182807827, 'ci_high': 43.813632469718655, 'p': 2.2171599884046223e-10}, 'North West': {'coef': -2.3743767870865184, 'ci_low': -8.226641234200471, 'ci_high': 3.8510787431429216, 'p': 0.4461272019123469}, 'South West': {'coef': 12.109305025666671, 'ci_low': 4.403320180500114, 'ci_high': 20.384066824777534, 'p': 0.0016554887410014344}, 'West Midlands': {'coef': -11.849079178553213, 'ci_low': -17.494943232616922, 'ci_high': -5.816865703425044, 'p': 0.00018807834202828254}, 'Yorkshire and The Humber': {'coef': 7.7907466967773065, 'ci_low': 0.5599910202649605, 'ci_high': 15.541429106804184, 'p': 0.03420995993276151}}",9412,852737,
aqrean_daqi_pm2p5_values,continuous,-0.19586875523861513,-0.2553874819881008,-0.1363145129986698,1.1809889582085297e-10,2.1804599571131345,1.3774267227980586,2.9898541969918924,8.401439543435076e-08,"{'East Midlands': {'coef': 10.688755733498567, 'ci_low': 2.7533710917914345, 'ci_high': 19.236970190351975, 'p': 0.007459884043343465}, 'East of England': {'coef': 10.135543472835295, 'ci_low': 2.724199438559971, 'ci_high': 18.081601047781625, 'p': 0.0066046032703808415}, 'London': {'coef': -29.583896685762788, 'ci_low': -33.66744084189944, 'ci_high': -25.248962667893625, 'p': 1.213328896464924e-30}, 'North East': {'coef': 32.87550808632689, 'ci_low': 21.98727367567861, 'ci_high': 44.73559509281573, 'p': 7.213105353034608e-11}, 'North West': {'coef': -2.574110247241068, 'ci_low': -8.397595907547428, 'ci_high': 3.6195947929143824, 'p': 0.4069450111785864}, 'South West': {'coef': 11.792622186418388, 'ci_low': 4.134959536296079, 'ci_high': 20.01339829550006, 'p': 0.0020761220447271045}, 'West Midlands': {'coef': -11.690833612441953, 'ci_low': -17.331580781563094, 'ci_high': -5.665199095446482, 'p': 0.00022276370241188222}, 'Yorkshire and The Humber': {'coef': 8.052573169132282, 'ci_low': 0.8224596640726167, 'ci_high': 15.80116778911631, 'p': 0.028396271942932542}}",9396,843863,
aqrean_pm10_values,continuous,0.09924834382668557,0.04558865660604372,0.15293681154699978,0.00028789761276153456,2.1854483960304316,1.3834429046515107,2.993798244927448,7.549051128704227e-08,"{'East Midlands': {'coef': 10.736562426717434, 'ci_low': 2.7732411544917124, 'ci_high': 19.316916741516543, 'p': 0.007397987783702364}, 'East of England': {'coef': 10.269054418921852, 'ci_low': 2.822896349330062, 'ci_high': 18.254443262649577, 'p': 0.006137293486966787}, 'London': {'coef': -29.651974179433406, 'ci_low': -33.74369544117911, 'ci_high': -25.307564769815528, 'p': 1.2635956486250812e-30}, 'North East': {'coef': 32.011405910407454, 'ci_low': 21.163694380594777, 'ci_high': 43.83030642579531, 'p': 2.1808414435559766e-10}, 'North West': {'coef': -2.3754245740211455, 'ci_low': -8.227709453473208, 'ci_high': 3.850058338369866, 'p': 0.445930789458436}, 'South West': {'coef': 12.139812270333405, 'ci_low': 4.431616076036993, 'ci_high': 20.416957704355298, 'p': 0.0016138662492985957}, 'West Midlands': {'coef': -11.854270633170271, 'ci_low': -17.499883982192298, 'ci_high': -5.822319038517465, 'p': 0.00018682095770918326}, 'Yorkshire and The Humber': {'coef': 7.77891876512895, 'ci_low': 0.5488503347322649, 'ci_high': 15.528872697291153, 'p': 0.03447612063096805}}",9412,852737,
aqrean_daqi_pm10_values,continuous,-0.20847852810668144,-0.2655344980452612,-0.15138991765923926,8.548784556977074e-13,2.2043232351083963,1.4011039781571588,3.013904959029179,6.084323320456831e-08,"{'East Midlands': {'coef': 10.711073262420534, 'ci_low': 2.774133078993901, 'ci_high': 19.260959695920366, 'p': 0.00734216608155877}, 'East of England': {'coef': 10.147874806432377, 'ci_low': 2.735742219767978, 'ci_high': 18.094774634713318, 'p': 0.0065417207717289065}, 'London': {'coef': -29.55764037137404, 'ci_low': -33.64269421387499, 'ci_high': -25.22110457525194, 'p': 1.3974489269548482e-30}, 'North East': {'coef': 32.91206825755142, 'ci_low': 22.02091332539904, 'ci_high': 44.77532913878668, 'p': 6.91396481988526e-11}, 'North West': {'coef': -2.5414211958599164, 'ci_low': -8.36682134365303, 'ci_high': 3.6543173749751023, 'p': 0.41300352333371626}, 'South West': {'coef': 11.798010190709673, 'ci_low': 4.14003110202259, 'ci_high': 20.01912185293435, 'p': 0.0020667114503087297}, 'West Midlands': {'coef': -11.66186384506408, 'ci_low': -17.304430321288365, 'ci_high': -5.634288152961487, 'p': 0.0002314317955630379}, 'Yorkshire and The Humber': {'coef': 8.083931030369861, 'ci_low': 0.8517587686159622, 'ci_high': 15.834729008346349, 'p': 0.027807460154667778}}",9396,843863,
aqrean_sulfur_dioxide_values,continuous,-0.047355269064142114,-0.10504987165886881,0.01037265520664743,0.10786199059890864,2.1791649271688085,1.37708985869327,2.987585851659391,8.253660835644838e-08,"{'East Midlands': {'coef': 10.742709302212393, 'ci_low': 2.7790151292787835, 'ci_high': 19.323459639775, 'p': 0.007365317203361018}, 'East of England': {'coef': 10.276515945826258, 'ci_low': 2.829918133278908, 'ci_high': 18.262371398450348, 'p': 0.006101506999751231}, 'London': {'coef': -29.606173433696213, 'ci_low': -33.700536763637466, 'ci_high': -25.258960227462556, 'p': 1.6156125924515843e-30}, 'North East': {'coef': 32.00295630432617, 'ci_low': 21.156052275546156, 'ci_high': 43.820965984039596, 'p': 2.2006847662980515e-10}, 'North West': {'coef': -2.36400315433416, 'ci_low': -8.216934502447382, 'ci_high': 3.862164859824402, 'p': 0.44814418752819674}, 'South West': {'coef': 12.087065477141357, 'ci_low': 4.382547213136068, 'ci_high': 20.360257367774913, 'p': 0.0016868132602112197}, 'West Midlands': {'coef': -11.862639346627969, 'ci_low': -17.507688604916773, 'ci_high': -5.831292497817209, 'p': 0.00018473009338659517}, 'Yorkshire and The Humber': {'coef': 7.8054569736678125, 'ci_low': 0.5736618712404162, 'ci_high': 15.55725760667288, 'p': 0.03388613733084449}}",9412,852737,
aqrean_daqi_sulfur_dioxide_values,continuous,0.0020380733702918263,-0.041774128992455584,0.04586947884572812,0.9273691642692308,2.188770389833561,1.3856533782939495,2.9982492179885467,7.516482483552531e-08,"{'East Midlands': {'coef': 10.68035098015907, 'ci_low': 2.745345305787872, 'ci_high': 19.228175803319058, 'p': 0.007506278337775582}, 'East of England': {'coef': 10.12280289042915, 'ci_low': 2.7121018836229194, 'ci_high': 18.068187623934918, 'p': 0.006671460172152832}, 'London': {'coef': -29.615226958997297, 'ci_low': -33.6970675275921, 'ci_high': -25.282093999460976, 'p': 1.0282183310135564e-30}, 'North East': {'coef': 32.94919020967075, 'ci_low': 22.054639816852585, 'ci_high': 44.816183997019074, 'p': 6.634632172422427e-11}, 'North West': {'coef': -2.553790197731143, 'ci_low': -8.378653373729716, 'ci_high': 3.6413909474793726, 'p': 0.4107205844679702}, 'South West': {'coef': 11.849610988232406, 'ci_low': 4.187849107231711, 'ci_high': 20.07480320803139, 'p': 0.0019806637453237174}, 'West Midlands': {'coef': -11.68608213632709, 'ci_low': -17.32729153726983, 'ci_high': -5.65994227771548, 'p': 0.0002242620196727437}, 'Yorkshire and The Humber': {'coef': 8.054514048035365, 'ci_low': 0.8240606644980053, 'ci_high': 15.803489060110131, 'p': 0.028364327094791142}}",9396,843863,
